"","ID","Strain.x","Age","Weight.x","Clutch","shh_R2_spot","shh_M1_spot","shh_M2_spot","cap_transition","M1_spot_split_LR","shboob","Total_state","stateord","Symmetry","groupwt","nid","Age.dpc.","Date","Strain.y","Weight.y","Litter","Weekday","indata","age","poids","portee","agerel","poidscor","agecor","agepreditsanscor","poidscor2","agecor2","dev01","dev.inf","dev.sup","sd","dev05","dev15","ident"
"1","shh_13.5_02_154-165_DB","DUHi",13.5,159.5,"DB",2,0,0,0,0,1,"2_0_0_1","145_2_0_0_1","Y",145,"159.5DB",NA,NA,NA,NA,NA,NA,NA,NA,NA,NA,NA,NA,NA,NA,NA,NA,NA,NA,NA,NA,NA,NA,NA
"2","shh_14.0_02_128_DD","DUHi",14,128,"DD",2,0,0,0,0,0,"2_0_0_0","123_2_0_0_0","-",123,"128DD",14,"1/20/2014","DUHi",128,"DD",2,TRUE,14,4.85203026391962,"DD",-1,5.09331880014331,14.3036720795379,13.8532612875456,4.95578433449581,14.0469379281023,13.9558622073914,13.5896782953756,14.2986571305109,"001",13.8812891701827,14.2449842108505,58
"3","shh_14.0_02_128_DD","DUHi",14,128,"DD",2,0,0,0,0,0,"2_0_0_0","123_2_0_0_0","-",123,"128DD",14,"1/20/2014","DUHi",128,"DD",2,TRUE,14,4.85203026391962,"DD",-1,5.09331880014331,14.3036720795379,13.8532612875456,4.95578433449581,14.0469379281023,13.9558622073914,13.5896782953756,14.2986571305109,"001",13.8812891701827,14.2449842108505,59
"4","shh_14.0_03_141_DD","DUHi",14,141,"DD",2,0,0,0,0,1,"2_0_0_1","145_2_0_0_1","Y",145,"141DD",14,"1/20/2014","DUHi",141,"DD",2,TRUE,14,4.94875989037817,"DD",-1,5.19004842660187,14.4842362635815,14.0338254715892,5.05251396095436,14.2275021121459,14.1355018032706,13.7739116424515,14.4768317782307,"001",14.0617011650884,14.4246365505824,60
"5","shh_14.0_07_143_DR","DUHi",14,143,"DR",2,0,0,0,0,1,"2_0_0_1","145_2_0_0_1","Y",145,"143DR",14,"7/30/2014","DUHi",143,"DR",4,TRUE,14,4.96284463025991,"DR",-1,4.91933782061152,13.9789036010642,14.0601173085095,4.9441367021111,14.025195414308,14.0428214638934,13.6783510121792,14.403852604832,"001",14.0568433774606,13.9911872406398,74
"6","shh_14.0_06_117_DR","DUHi",14,117,"DR",2,0,0,0,0,0,"2_0_0_0","123_2_0_0_0","-",123,"117DR",14,"7/30/2014","DUHi",117,"DR",4,TRUE,14,4.76217393479776,"DR",-1,4.71866712514937,13.6043137084513,13.6855274158967,4.74346600664895,13.6506055216951,13.6702727914276,13.2907741746774,14.0374127075175,"001",13.6837351862112,13.618533529033,72
"7","shh_14.0_09_140_DF","DUHi",14,140,"DF",2,0,0,0,0,0,"2_0_0_0","123_2_0_0_0","-",123,"140DF",14,"7/17/2014","DUHi",140,"DF",5,TRUE,14,4.9416424226093,"DF",-1,5.02437034718343,14.1749667220835,14.0205393687974,4.97721543017618,14.0869431307104,14.0568626882778,13.6944590955125,14.4072631860635,"001",14.0327407437319,14.1559448736792,68
"8","shh_13.5_10_110_DZ","DUHi",13.5,110,"DZ",2,0,0,0,0,0,"2_0_0_0","123_2_0_0_0","-",123,"110DZ",13.5,"11/19/2014","DUHi",110,"DZ",4,TRUE,13.5,4.70048036579242,"DZ",-1.5,4.66510140971196,13.5043231465647,13.5703646745936,4.68526741467782,13.5419668175412,13.5605953936745,13.1901427314416,13.9176716784896,"001",13.5697579163164,13.5164077766534,40
"9","shh_13.5_11_135_DZ","DUHi",13.5,135,"DZ",2,0,0,0,0,0,"2_0_0_0","123_2_0_0_0","-",123,"135DZ",13.5,"11/19/2014","DUHi",135,"DZ",4,TRUE,13.5,4.90527477843843,"DZ",-1.5,4.86989582235798,13.8866107390013,13.9526522670301,4.89006182732384,13.9242544099777,13.9414914200614,13.5859909155108,14.2877749087291,"001",13.9510347746277,13.8975812610603,45
"10","shh_14.0_22_141_DAA","DUHi",14,141,"DAA",2,0,0,0,0,0,"2_0_0_0","123_2_0_0_0","Y",123,"141DAA",14,"5/12/2014","DUHi",141,"DAA",2,TRUE,14,4.94875989037817,"DAA",-1,5.02727383910987,14.1803866401559,14.0338254715892,4.9825208883328,14.0968467740729,14.0661371579712,13.7008981045284,14.4091106539761,"001",14.044654802515,14.1560974751214,50
"11","shh_13.5_12_156_DZ","DUHi",13.5,156,"DZ",2,0,0,0,0,0,"2_0_0_0","123_2_0_0_0","Y",123,"156DZ",NA,NA,NA,NA,NA,NA,NA,NA,NA,NA,NA,NA,NA,NA,NA,NA,NA,NA,NA,NA,NA,NA,NA
"12","shh_14.0_23_142_DAA","DUHi",14,142,"DAA",2,0,0,0,0,0,"2_0_0_0","123_2_0_0_0","-",123,"142DAA",14,"5/12/2014","DUHi",142,"DAA",2,TRUE,14,4.95582705760126,"DAA",-1,5.03434100633297,14.193578847444,14.0470176788773,4.98958805555589,14.1100389813609,14.0793815929663,13.7142015872632,14.4215006844717,"001",14.0577268780823,14.1692983489622,51
"13","shh_13.5_01_124_FA","FVB",13.5,124,"FA",2,0,0,0,0,0,"2_0_0_0","123_2_0_0_0","-",123,"124FA",13.5,"7/17/2014","FVB",124,"FA",5,TRUE,13.5,4.82028156560504,"FA",-1.5,4.81557628760185,13.3690726135197,13.3792488353592,4.81825829606367,13.3748730599682,13.3810164184477,12.9434439592902,13.78178425299,"001",13.372721196118,13.3739557371256,278
"14","shh_13.5_10_105_FK","FVB",13.5,105,"FK",2,0,0,0,0,0,"2_0_0_0","123_2_0_0_0","Y",123,"105FK",13.5,"12/10/2014","FVB",105,"FK",4,TRUE,13.5,4.65396035015752,"FK",-1.5,4.96383685652918,13.6897194357532,13.0195418034147,4.78720724789734,13.3077181853203,13.1485230685354,12.6777632638912,13.5705288235198,"001",13.0497577576851,13.6096359905839,291
"15","shh_14.0_07_130_FJ","FVB",14,130,"FJ",2,0,0,0,0,0,"2_0_0_0","123_2_0_0_0","-",123,"130FJ",14,"12/8/2014","FVB",130,"FJ",2,TRUE,14,4.86753445045558,"FJ",-1,5.00520558202987,13.7791886079519,13.4814438254251,4.92673303703253,13.6094740819116,13.5428571466073,13.098090139261,13.9523929174654,"001",13.4896868208095,13.744934375905,370
"16","shh_13.5_11_88_FK","FVB",13.5,88,"FK",2,0,0,0,0,0,"2_0_0_0","123_2_0_0_0","-",123,"88FK",13.5,"12/10/2014","FVB",88,"FK",4,TRUE,13.5,4.47733681447821,"FK",-1.5,4.78721332084986,13.3077313194458,12.6375536871074,4.61058371221802,12.9257300690129,12.7657744688901,12.271075656088,13.2025474776131,"001",12.6681316707576,13.2294951543455,286
"17","shh_13.5_13_126_FK","FVB",13.5,126,"FK",2,0,0,0,0,0,"2_0_0_0","123_2_0_0_0","-",123,"126FK",NA,NA,NA,NA,NA,NA,NA,NA,NA,NA,NA,NA,NA,NA,NA,NA,NA,NA,NA,NA,NA,NA,NA
"18","shh_14.0_17_161_DR","DUHi",14,161,"DR",1,0,0,0,0,1,"1_0_0_1","179_1_0_0_1","Y",179,"161DR",14,"7/30/2014","DUHi",161,"DR",4,TRUE,14,5.08140436498446,"DR",-1,5.03789755533607,14.2002178203447,14.2814315277901,5.06269643683566,14.2465096335886,14.2624510701569,13.904603942905,14.6203345662916,"001",14.2778338495974,14.212248900186,77
"19","shh_15.0_06_221_DK","DUHi",15,221,"DK",1,2,0,2,0,1,"1_2_2_1","235_1_2_2_1","-",235,"221DK",15,"3/13/2014","DUHi",221,"DK",5,TRUE,15,5.39816270151775,"DK",0,5.28773352222574,14.6665840119429,14.8727210082644,5.35067815442219,14.7840820998462,14.8200306538287,14.4790705430984,15.1695588601704,"001",14.8604144250927,14.6953988049531,174
"20","shh_14.5_14_163_DH","DUHi",14.5,163,"DH",1,0,0,0,0,1,"1_0_0_1","179_1_0_0_1","-",179,"163DH",14.5,"1/22/2014","DUHi",163,"DH",4,TRUE,14.5,5.09375020080676,"DH",-0.5,4.89849575203671,13.9399979292057,14.3044773706534,5.00979078783564,14.1477512108309,14.2217559666086,13.8659885561882,14.5801416844042,"001",14.285464014067,13.986907969257,122
"21","shh_14.0_24_177_DAA","DUHi",14,177,"DAA",1,0,0,0,0,1,"1_0_0_1","179_1_0_0_1","Y",179,"177DAA",14,"5/12/2014","DUHi",177,"DAA",2,TRUE,14,5.17614973257383,"DAA",-1,5.25466368130553,14.604852885081,14.4582917165143,5.20991073052846,14.521313018998,14.4889135054155,14.130846176146,14.8289776267146,"001",14.4678446346214,14.5793259771535,52
"22","shh_15.0_10_242_DK","DUHi",15,242,"DK",0,2,0,1,1,1,"0_2_1_1","227_0_2_1_1","-",227,"242DK",NA,NA,NA,NA,NA,NA,NA,NA,NA,NA,NA,NA,NA,NA,NA,NA,NA,NA,NA,NA,NA,NA,NA
"23","shh_14.5_17_237-241_DH","DUHi",14.5,239,"DH",0,2,0,1,0,1,"0_2_1_1","227_0_2_1_1","Y",227,"239DH",NA,NA,NA,NA,NA,NA,NA,NA,NA,NA,NA,NA,NA,NA,NA,NA,NA,NA,NA,NA,NA,NA,NA
"24","shh_14.5_10_161_FR","FVB",14.5,161,"FR",1,0,0,0,0,1,"1_0_0_1","179_1_0_0_1","Y",179,"161FR",14.5,"3/4/2015","FVB",161,"FR",4,TRUE,14.5,5.08140436498446,"FR",-0.5,5.21787786854864,14.239140254858,13.9439856122344,5.14008797151706,14.0709021085626,13.9997462439673,13.5750582594033,14.4056637213951,"001",13.9546267605957,14.2071658363808,448
"25","shh_14.5_02_228_DG","DUHi",14.5,228,"DG",1,2,0,2,0,1,"1_2_2_1","235_1_2_2_1","-",235,"228DG",14.5,"12/17/2013","DUHi",228,"DG",3,TRUE,14.5,5.42934562895444,"DG",-0.5,5.19480158258798,14.4931089302472,14.9309298534222,5.32849168901686,14.742666856457,14.8301071737391,14.4855667370355,15.1903958278311,"001",14.9057195537137,14.5465900192216,115
"26","shh_16.0_04_404_FE","FVB",16,404,"FE",0,2,1,2,2,1,"0_2_2_1","325_0_2_2_1","-",325,"404FE",NA,NA,NA,NA,NA,NA,NA,NA,NA,NA,NA,NA,NA,NA,NA,NA,NA,NA,NA,NA,NA,NA,NA
"27","shh_15.0_07_234_DK","DUHi",15,234,"DK",1,2,0,2,0,1,"1_2_2_1","235_1_2_2_1","-",235,"234DK",NA,NA,NA,NA,NA,NA,NA,NA,NA,NA,NA,NA,NA,NA,NA,NA,NA,NA,NA,NA,NA,NA,NA
"28","shh_16.5_01_246_DW","DUHi",16.5,246,"DW",1,2,0,2,0,1,"1_2_2_1","235_1_2_2_1","Y",235,"246DW",16.5,"9/25/2014","DUHi",246,"DW",5,TRUE,16.5,5.50533153593236,"DW",1.5,6.03762547290469,16.0663994888822,15.0727719528349,5.73421792883046,15.5000317933352,15.2891709359239,14.9197506061975,15.6617657703709,"001",15.1290155317227,15.9247867557462,241
"29","shh_13.5_01_101-104_DB","DUHi",13.5,102.5,"DB",2,0,0,0,0,0,"2_0_0_0","123_2_0_0_0","-",123,"102.5DB",NA,NA,NA,NA,NA,NA,NA,NA,NA,NA,NA,NA,NA,NA,NA,NA,NA,NA,NA,NA,NA,NA,NA
"30","shh_15.0_02_265_DK","DUHi",15,265,"DK",0,2,0,2,1,1,"0_2_2_1","325_0_2_2_1","Y",325,"265DK",15,"3/13/2014","DUHi",265,"DK",5,TRUE,15,5.57972982598622,"DK",0,5.46930064669421,15.0055134679855,15.211650464307,5.53224527889066,15.1230115558887,15.1565141339173,14.8190779674418,15.5118683656832,"001",15.1987892875997,15.0338293295489,177
"31","shh_15.0_03_294_DK","DUHi",15,294,"DK",0,2,0,2,1,1,"0_2_2_1","325_0_2_2_1","Y",325,"294DK",15,"3/13/2014","DUHi",294,"DK",5,TRUE,15,5.68357976733868,"DK",0,5.57315058804667,15.1993690695195,15.4055060658411,5.63609522024312,15.3168671574228,15.3490459470138,15.0112238113696,15.7091943597936,"001",15.3925807063653,15.2272980785499,181
"32","shh_14.5_08_221_FL","FVB",14.5,221,"FL",0,2,0,2,0,1,"0_2_2_1","325_0_2_2_1","Y",325,"221FL",14.5,"12/11/2014","FVB",221,"FL",5,TRUE,14.5,5.39816270151775,"FL",-0.5,5.40269400122337,14.6388467045794,14.629046749934,5.40011116039117,14.6332607304315,14.638639396884,14.2278381783004,15.0343839176771,"001",14.6242325644258,14.6397977066538,418
"33","shh_15.0_08_294_DK","DUHi",15,294,"DK",0,2,0,2,0,1,"0_2_2_1","325_0_2_2_1","-",325,"294DK",15,"3/13/2014","DUHi",294,"DK",5,TRUE,15,5.68357976733868,"DK",0,5.57315058804667,15.1993690695195,15.4055060658411,5.63609522024312,15.3168671574228,15.3490459470138,15.0112238113696,15.7091943597936,"001",15.3925807063653,15.2272980785499,181
"34","shh_16.0_03_437_FE","FVB",16,437,"FE",0,2,0,2,2,1,"0_2_2_1","325_0_2_2_1","-",325,"437FE",NA,NA,NA,NA,NA,NA,NA,NA,NA,NA,NA,NA,NA,NA,NA,NA,NA,NA,NA,NA,NA,NA,NA
"35","shh_15.0_05_256_FD","FVB",15,256,"FD",0,2,0,2,1,1,"0_2_2_1","325_0_2_2_1","-",325,"256FD",15,"7/24/2014","FVB",256,"FD",5,TRUE,15,5.54517744447956,"FD",0,5.50593111588365,14.8621201817546,14.9469991933465,5.52830152318332,14.910501218362,14.9335710539563,14.5313503011266,15.3255567685555,"001",14.9339637442606,14.8694257438098,530
"36","shh_15.5_01_359_DN","DUHi",15.5,359,"DN",0,2,0,2,0,1,"0_2_2_1","325_0_2_2_1","-",325,"359DN",15.5,"3/12/2014","DUHi",359,"DN",4,TRUE,15.5,5.88332238848828,"DN",0.5,5.65857116392765,15.3588227668942,15.778363531822,5.78667936192721,15.597961002903,15.68070650362,15.3324813304552,16.059471746511,"001",15.7516056907717,15.4096226969972,209
"37","shh_15.5_02_426_DN","DUHi",15.5,426,"DN",0,2,0,2,1,1,"0_2_2_1","325_0_2_2_1","-",325,"426DN",15.5,"3/12/2014","DUHi",426,"DN",4,TRUE,15.5,6.05443934626937,"DN",0.5,5.82968812170875,15.6782450058606,16.0977857707884,5.9577963197083,15.9173832418694,15.9985050518057,15.645888513252,16.3893139563093,"001",16.0704042869631,15.7280232374226,214
"38","shh_15.5_03_442_DN","DUHi",15.5,442,"DN",0,2,0,2,1,1,"0_2_2_1","325_0_2_2_1","-",325,"442DN",15.5,"3/12/2014","DUHi",442,"DN",4,TRUE,15.5,6.0913098820777,"DN",0.5,5.86655865751707,15.7470708501983,16.1666116151261,5.99466685551663,15.9862090862072,16.066460675715,15.7127959288168,16.4598879902119,"001",16.1391119020036,15.7966321208435,218
"39","shh_15.5_04_457_DN","DUHi",15.5,457,"DN",0,2,0,2,1,1,"0_2_2_1","325_0_2_2_1","-",325,"457DN",NA,NA,NA,NA,NA,NA,NA,NA,NA,NA,NA,NA,NA,NA,NA,NA,NA,NA,NA,NA,NA,NA,NA
"40","shh_15.5_05_483_DM","DUHi",15.5,483,"DM",0,2,0,2,2,1,"0_2_2_1","325_0_2_2_1","Y",325,"483DM",15.5,"3/5/2014","DUHi",483,"DM",4,TRUE,15.5,6.18001665365257,"DM",0.5,5.83096000790682,15.6806192225506,16.3321996197012,6.0299222959819,16.0520200489264,16.1792413642875,15.8284438954545,16.5704844626155,"001",16.2943601651065,15.7646552414199,206
"41","shh_15.5_07_290_DV","DUHi",15.5,290,"DV",0,2,0,2,0,1,"0_2_2_1","325_0_2_2_1","y",325,"290DV",15.5,"10/23/2014","DUHi",290,"DV",5,TRUE,15.5,5.66988092298052,"DV",0.5,5.5857125724754,15.2228183947303,15.3799345760666,5.63368853226332,15.312374618092,15.3356298371534,14.9980896160235,15.6936384995725,"001",15.3711392133195,15.2444787467579,224
"42","shh_15.5_08_363_DV","DUHi",15.5,363,"DV",0,2,0,2,1,1,"0_2_2_1","325_0_2_2_1","Y",325,"363DV",15.5,"10/23/2014","DUHi",363,"DV",5,TRUE,15.5,5.89440283426485,"DV",0.5,5.81023448375973,15.6419311029588,15.7990472842951,5.85821044354765,15.7314873263205,15.7516387836274,15.412198650566,16.1246855373034,"001",15.78996508446,15.6618953097931,229
"43","shh_15.5_09_457_DV","DUHi",15.5,457,"DV",0,2,0,2,2,1,"0_2_2_1","325_0_2_2_1","-",325,"457DV",15.5,"10/23/2014","DUHi",457,"DV",5,TRUE,15.5,6.12468339089421,"DV",0.5,6.04051504038909,16.0717934143439,16.2289095956803,6.088491000177,16.1613496377056,16.1793109119405,15.8281534491403,16.569390044082,"001",16.2201206450666,16.0904050459822,230
"44","shh_16.0_01_455_DO","DUHi",16,455,"DO",0,2,0,2,2,1,"0_2_2_1","325_0_2_2_1","Y",325,"455DO",16,"3/20/2014","DUHi",455,"DO",5,TRUE,16,6.12029741895095,"DO",1,6.05749424506875,16.1034883184901,16.2207223476347,6.09329205418161,16.1703117151025,16.1898510725467,15.8238143423301,16.5691304735832,"001",16.2152278327364,16.1158311361133,237
"45","shh_16.0_04_424_DO","DUHi",16,424,"DO",0,2,1,2,2,1,"0_2_2_1","325_0_2_2_1","-",325,"424DO",16,"3/20/2014","DUHi",424,"DO",5,TRUE,16,6.04973345523196,"DO",1,5.98693028134976,15.9717673039644,16.0890013331091,6.02272809046261,16.0385907005769,16.0585753685697,15.6955532358393,16.4325957667736,"001",16.0835963305044,15.984927638205,235
"46","shh_16.0_05_476_DO","DUHi",16,476,"DO",0,2,1,2,2,1,"0_2_2_1","325_0_2_2_1","Y",325,"476DO",16,"3/20/2014","DUHi",476,"DO",5,TRUE,16,6.16541785423142,"DO",1,6.10261468034922,16.1877141640598,16.3049481932044,6.13841248946208,16.2545375606722,16.2734730017753,15.9048271748478,16.6564719518428,"001",16.2992855670838,16.1995948591604,238
"47","shh_16.0_06_481_DO","DUHi",16,481,"DO",0,2,1,2,2,1,"0_2_2_1","325_0_2_2_1","-",325,"481DO",16,"3/20/2014","DUHi",481,"DO",5,TRUE,16,6.17586727010576,"DO",1,6.11306409622357,16.2072199796011,16.3244540087457,6.14886190533642,16.2740433762135,16.2928237328352,15.9235462629761,16.6767740449215,"001",16.3186555872665,16.219021923649,239
"48","shh_16.5_02_271_DW","DUHi",16.5,271,"DW",0,2,0,2,0,1,"0_2_2_1","325_0_2_2_1","-",325,"271DW",16.5,"9/25/2014","DUHi",271,"DW",5,TRUE,16.5,5.6021188208797,"DW",1.5,6.13441275785203,16.247071303425,15.2534437673777,5.8310052137778,15.6807036078781,15.4687541682157,15.0977330260082,15.8462166352106,"001",15.3088827530566,16.1052726666302,242
"49","shh_15.5_10_380_DJ","DUHi",15.5,380,"DJ",0,2,0,2,1,1,"0_2_2_1","325_0_2_2_1","Y",325,"380DJ",NA,NA,NA,NA,NA,NA,NA,NA,NA,NA,NA,NA,NA,NA,NA,NA,NA,NA,NA,NA,NA,NA,NA
"50","shh_16.0_07_452_DO","DUHi",16,452,"DO",0,2,0,2,2,1,"0_2_2_1","325_0_2_2_1","-",325,"452DO",16,"3/20/2014","DUHi",452,"DO",5,TRUE,16,6.11368217983223,"DO",1,6.05087900595004,16.0911397206772,16.2083737498218,6.08667681506289,16.1579631172896,16.1775000211026,15.8118672359302,16.5562745375882,"001",16.2029461063521,16.1034638404015,236
"51","shh_14.5_13_211-216_DH","DUHi",14.5,213.5,"DH",1,0,0,0,0,1,"1_0_0_1","179_1_0_0_1","-",179,"213.5DH",NA,NA,NA,NA,NA,NA,NA,NA,NA,NA,NA,NA,NA,NA,NA,NA,NA,NA,NA,NA,NA,NA,NA
"52","shh_15.0_11_262_DK","DUHi",15,262,"DK",0,2,0,2,1,1,"0_2_2_1","325_0_2_2_1","-",325,"262DK",15,"3/13/2014","DUHi",262,"DK",5,TRUE,15,5.5683445037611,"DK",0,5.45791532446908,14.9842606058281,15.1903976021497,5.52085995666553,15.1017586937314,15.1356046664669,14.7978200488322,15.4900936984556,"001",15.1775715109303,15.0125863456176,176
"53","shh_14.5_18_237-241_DH","DUHi",14.5,239,"DH",0,2,0,1,0,1,"0_2_1_1","227_0_2_1_1","-",227,"239DH",NA,NA,NA,NA,NA,NA,NA,NA,NA,NA,NA,NA,NA,NA,NA,NA,NA,NA,NA,NA,NA,NA,NA
"54","shh_16.0_08_456_DO","DUHi",16,456,"DO",0,2,0,2,2,1,"0_2_2_1","325_0_2_2_1","-",325,"456DO",NA,NA,NA,NA,NA,NA,NA,NA,NA,NA,NA,NA,NA,NA,NA,NA,NA,NA,NA,NA,NA,NA,NA
"55","shh_15.0_12_293_DK","DUHi",15,293,"DK",0,2,0,2,1,1,"0_2_2_1","325_0_2_2_1","Y",325,"293DK",15,"3/13/2014","DUHi",293,"DK",5,TRUE,15,5.68017260901707,"DK",0,5.56974342972506,15.1930089626446,15.3991459589661,5.6326880619215,15.3105070505479,15.342839793322,15.0051419968353,15.7029440944776,"001",15.3862193328448,15.2209106763868,180
"56","shh_14.5_06_287_DP","DUHi",14.5,287,"DP",0,2,0,2,0,1,"0_2_2_1","325_0_2_2_1","-",325,"287DP",NA,NA,NA,NA,NA,NA,NA,NA,NA,NA,NA,NA,NA,NA,NA,NA,NA,NA,NA,NA,NA,NA,NA
"57","shh_15.5_11_340_DV","DUHi",15.5,340,"DV",0,2,0,2,1,1,"0_2_2_1","325_0_2_2_1","-",325,"340DV",15.5,"10/23/2014","DUHi",340,"DV",5,TRUE,15.5,5.82894561761021,"DV",0.5,5.74477726710509,15.5197427998738,15.6768589812101,5.79275322689301,15.6092990232355,15.6304727381918,15.2912675749115,15.9973761301206,"001",15.6676757066188,15.5398727887036,226
"58","shh_15.5_12_355_DV","DUHi",15.5,355,"DV",0,2,0,2,1,1,"0_2_2_1","325_0_2_2_1","-",325,"355DV",15.5,"10/23/2014","DUHi",355,"DV",5,TRUE,15.5,5.87211778947542,"DV",0.5,5.7879494389703,15.6003318424623,15.7574480237986,5.83592539875821,15.689888065824,15.7103253400738,15.3719816301383,16.0813913554398,"001",15.7482975923344,15.6204291725731,227
"59","shh_15.5_13_369_DU","DUHi",15.5,369,"DU",0,2,0,2,1,1,"0_2_2_1","325_0_2_2_1","-",325,"369DU",15.5,"9/24/2014","DUHi",369,"DU",4,TRUE,15.5,5.91079664404053,"DU",0.5,6.04104433239165,16.0727814382004,15.8296494378843,5.96680315003151,15.9341961980202,15.8764943882493,15.5213214316539,16.2605343326674,"001",15.841435916794,16.0345317173601,221
"60","shh_15.5_14_371_DU","DUHi",15.5,371,"DU",0,2,0,2,2,1,"0_2_2_1","325_0_2_2_1","-",325,"371DU",15.5,"9/24/2014","DUHi",371,"DU",4,TRUE,15.5,5.91620206260743,"DU",0.5,6.04644975095856,16.0828716766173,15.8397396763013,5.97220856859842,15.9442864364372,15.8865280096579,15.531082971242,16.2712842668072,"001",15.851578063856,16.0446577149218,222
"61","shh_14.5_19_331_DP","DUHi",14.5,331,"DP",0,2,0,2,1,1,"0_2_2_1","325_0_2_2_1","-",325,"331DP",NA,NA,NA,NA,NA,NA,NA,NA,NA,NA,NA,NA,NA,NA,NA,NA,NA,NA,NA,NA,NA,NA,NA
"62","shh_14.5_12_196-199_DH","DUHi",14.5,197.5,"DH",1,1,0,1,0,1,"1_1_1_1","202_1_1_1_1","-",202,"197.5DH",NA,NA,NA,NA,NA,NA,NA,NA,NA,NA,NA,NA,NA,NA,NA,NA,NA,NA,NA,NA,NA,NA,NA
"63","shh_14.0_05_220_DE","DUHi",14,220,"DE",1,1,0,1,0,1,"1_1_1_1","202_1_1_1_1","-",202,"220DE",NA,NA,NA,NA,NA,NA,NA,NA,NA,NA,NA,NA,NA,NA,NA,NA,NA,NA,NA,NA,NA,NA,NA
"64","shh_14.5_10_238_DI","DUHi",14.5,238,"DI",1,1,0,1,0,1,"1_1_1_1","202_1_1_1_1","-",202,"238DI",14.5,"3/4/2014","DUHi",238,"DI",3,TRUE,14.5,5.47227067367148,"DI",-0.5,5.24648675823417,14.5895891081347,15.0110575863427,5.37518359003343,14.8298261407132,14.909217203229,14.5637077692319,15.2705959160907,"001",14.9879106149504,14.6416831686092,137
"65","shh_14.5_15_209-216_DG","DUHi",14.5,212.5,"DG",1,1,0,1,0,1,"1_1_1_1","202_1_1_1_1","Y",202,"212.5DG",NA,NA,NA,NA,NA,NA,NA,NA,NA,NA,NA,NA,NA,NA,NA,NA,NA,NA,NA,NA,NA,NA,NA
"66","shh_14.5_16_209-216_DG","DUHi",14.5,212.5,"DG",1,1,0,1,0,1,"1_1_1_1","202_1_1_1_1","Y",202,"212.5DG",NA,NA,NA,NA,NA,NA,NA,NA,NA,NA,NA,NA,NA,NA,NA,NA,NA,NA,NA,NA,NA,NA,NA
"67","shh_13.5_03_123-130_DB","DUHi",13.5,126.5,"DB",2,0,0,0,0,0,"2_0_0_0","123_2_0_0_0","-",123,"126.5DB",NA,NA,NA,NA,NA,NA,NA,NA,NA,NA,NA,NA,NA,NA,NA,NA,NA,NA,NA,NA,NA,NA,NA
"68","shh_15.0_06_259_FD","FVB",15,259,"FD",0,2,0,2,1,1,"0_2_2_1","325_0_2_2_1","Y",325,"259FD",15,"7/24/2014","FVB",259,"FD",5,TRUE,15,5.55682806169954,"FD",0,5.51758173310363,14.8873172615693,14.9721962731612,5.5399521404033,14.9356982981767,14.9587667389082,14.5565388838269,15.3505832324066,"001",14.9592677865409,14.8944425132931,531
"69","shh_15.0_06_259_FD","FVB",15,259,"FD",0,2,0,2,1,1,"0_2_2_1","325_0_2_2_1","Y",325,"259FD",15,"7/24/2014","FVB",259,"FD",5,TRUE,15,5.55682806169954,"FD",0,5.51758173310363,14.8873172615693,14.9721962731612,5.5399521404033,14.9356982981767,14.9587667389082,14.5565388838269,15.3505832324066,"001",14.9592677865409,14.8944425132931,532
"70","shh_15.0_07_285_FD","FVB",15,285,"FD",0,2,0,2,1,1,"0_2_2_1","325_0_2_2_1","Y",325,"285FD",15,"7/24/2014","FVB",285,"FD",5,TRUE,15,5.65248918026865,"FD",0,5.61324285167274,15.0942059434515,15.1790849550434,5.63561325897241,15.1425869800589,15.1659197646251,14.7666206919381,15.562071445991,"001",15.1659952731438,15.1006848319176,535
"71","shh_15.0_07_285_FD","FVB",15,285,"FD",0,2,0,2,1,1,"0_2_2_1","325_0_2_2_1","Y",325,"285FD",15,"7/24/2014","FVB",285,"FD",5,TRUE,15,5.65248918026865,"FD",0,5.61324285167274,15.0942059434515,15.1790849550434,5.63561325897241,15.1425869800589,15.1659197646251,14.7666206919381,15.562071445991,"001",15.1659952731438,15.1006848319176,536
"72","shh_14.5_09_246_FL","FVB",14.5,246,"FL",0,2,0,2,0,1,"0_2_2_1","325_0_2_2_1","Y",325,"246FL",14.5,"12/11/2014","FVB",246,"FL",5,TRUE,14.5,5.50533153593236,"FL",-0.5,5.50986283563798,14.8706234099174,14.860823455272,5.50727999480578,14.8650374357695,14.8708370797207,14.4614521332709,15.2688674505415,"001",14.8557139536992,14.8707335373545,420
"73","shh_15.0_08_259_FD","FVB",15,259,"FD",0,2,0,2,0,1,"0_2_2_1","325_0_2_2_1","y",325,"259FD",15,"7/24/2014","FVB",259,"FD",5,TRUE,15,5.55682806169954,"FD",0,5.51758173310363,14.8873172615693,14.9721962731612,5.5399521404033,14.9356982981767,14.9587667389082,14.5565388838269,15.3505832324066,"001",14.9592677865409,14.8944425132931,531
"74","shh_15.0_08_259_FD","FVB",15,259,"FD",0,2,0,2,0,1,"0_2_2_1","325_0_2_2_1","y",325,"259FD",15,"7/24/2014","FVB",259,"FD",5,TRUE,15,5.55682806169954,"FD",0,5.51758173310363,14.8873172615693,14.9721962731612,5.5399521404033,14.9356982981767,14.9587667389082,14.5565388838269,15.3505832324066,"001",14.9592677865409,14.8944425132931,532
"75","shh_14.5_20_343_DP","DUHi",14.5,343,"DP",0,2,0,2,1,1,"0_2_2_1","325_0_2_2_1","-",325,"343DP",NA,NA,NA,NA,NA,NA,NA,NA,NA,NA,NA,NA,NA,NA,NA,NA,NA,NA,NA,NA,NA,NA,NA
"76","shh_15.0_15_285_DK","DUHi",15,285,"DK",0,2,0,2,0,1,"0_2_2_1","325_0_2_2_1","Y",325,"285DK",15,"3/13/2014","DUHi",285,"DK",5,TRUE,15,5.65248918026865,"DK",0,5.54206000097664,15.1413325951603,15.3474695914819,5.60500463317309,15.2588306830636,15.2915257302922,14.9538383281252,15.6504162121742,"001",15.334453719069,15.1693059784547,179
"77","shh_14.5_07_367_DP","DUHi",14.5,367,"DP",0,2,0,2,2,1,"0_2_2_1","325_0_2_2_1","-",325,"367DP",NA,NA,NA,NA,NA,NA,NA,NA,NA,NA,NA,NA,NA,NA,NA,NA,NA,NA,NA,NA,NA,NA,NA
"78","shh_14.5_11_263_DI","DUHi",14.5,263,"DI",0,2,0,2,0,1,"0_2_2_1","325_0_2_2_1","Y",325,"263DI",14.5,"3/4/2014","DUHi",263,"DI",3,TRUE,14.5,5.57215403217776,"DI",-0.5,5.34637011674046,14.7760403308731,15.1975088090811,5.47506694853972,15.0162773634517,15.0940949046822,14.7512991299122,15.458434794126,"001",15.1740595706277,14.8271008611318,142
"79","shh_15.5_15_399_DN","DUHi",15.5,399,"DN",0,2,0,2,2,1,"0_2_2_1","325_0_2_2_1","Y",325,"399DN",15.5,"3/12/2014","DUHi",399,"DN",4,TRUE,15.5,5.98896141688986,"DN",0.5,5.76421019232924,15.5560180385483,15.9755588034761,5.8923183903288,15.7951562745572,15.8769098456104,15.5268523109705,16.2621024300275,"001",15.9480987932925,15.6060413072042,212
"80","shh_15.5_16_427_DN","DUHi",15.5,427,"DN",0,2,0,2,2,1,"0_2_2_1","325_0_2_2_1","y",325,"427DN",15.5,"3/12/2014","DUHi",427,"DN",4,TRUE,15.5,6.05678401322862,"DN",0.5,5.832032788668,15.6826217711997,16.1021625361275,5.96014098666756,15.9217600072086,16.0028110136868,15.6500537710875,16.3938157091451,"001",16.0748129370335,15.7324448546805,215
"81","shh_15.5_16_427_DN","DUHi",15.5,427,"DN",0,2,0,2,2,1,"0_2_2_1","325_0_2_2_1","y",325,"427DN",15.5,"3/12/2014","DUHi",427,"DN",4,TRUE,15.5,6.05678401322862,"DN",0.5,5.832032788668,15.6826217711997,16.1021625361275,5.96014098666756,15.9217600072086,16.0028110136868,15.6500537710875,16.3938157091451,"001",16.0748129370335,15.7324448546805,216
"82","shh_15.0_01_234_FD","FVB",15,234,"FD",0,2,0,2,0,1,"0_2_2_1","325_0_2_2_1","Y",325,"234FD",NA,NA,NA,NA,NA,NA,NA,NA,NA,NA,NA,NA,NA,NA,NA,NA,NA,NA,NA,NA,NA,NA,NA
"83","shh_15.0_02_246_FD","FVB",15,246,"FD",0,2,0,2,0,1,"0_2_2_1","325_0_2_2_1","Y",325,"246FD",NA,NA,NA,NA,NA,NA,NA,NA,NA,NA,NA,NA,NA,NA,NA,NA,NA,NA,NA,NA,NA,NA,NA
"84","shh_15.0_03_273_FD","FVB",15,273,"FD",0,2,0,2,0,1,"0_2_2_1","325_0_2_2_1","y",325,"273FD",15,"7/24/2014","FVB",273,"FD",5,TRUE,15,5.60947179518496,"FD",0,5.57022546658905,15.0011711741418,15.0860501857338,5.59259587388872,15.0495522107492,15.0731823510475,14.6713144273539,15.4662775986996,"001",15.0730374179898,15.0080743005174,533
"85","shh_14.5_04_255-256_DG","DUHi",14.5,255.5,"DG",1,2,0,1,0,1,"1_2_1_1","227_1_2_1_1","-",227,"255.5DG",NA,NA,NA,NA,NA,NA,NA,NA,NA,NA,NA,NA,NA,NA,NA,NA,NA,NA,NA,NA,NA,NA,NA
"86","shh_15.0_04_217-218_DJ","DUHi",15,217.5,"DJ",1,2,0,1,0,1,"1_2_1_1","227_1_2_1_1","-",227,"217.5DJ",NA,NA,NA,NA,NA,NA,NA,NA,NA,NA,NA,NA,NA,NA,NA,NA,NA,NA,NA,NA,NA,NA,NA
"87","shh_15.5_06_244_DV","DUHi",15.5,244,"DV",1,2,0,2,0,1,"1_2_2_1","235_1_2_2_1","y",235,"244DV",15.5,"10/23/2014","DUHi",244,"DV",5,TRUE,15.5,5.4971682252932,"DV",0.5,5.41299987478808,14.9004174047373,15.0575335860736,5.460975834576,14.989973628099,15.0149411064276,14.6753101393313,15.3673701173918,"001",15.0485514840825,14.9237188074919,223
"88","shh_16.0_02_402_FE","FVB",16,402,"FE",0,2,0,2,2,1,"0_2_2_1","325_0_2_2_1","Y",325,"402FE",NA,NA,NA,NA,NA,NA,NA,NA,NA,NA,NA,NA,NA,NA,NA,NA,NA,NA,NA,NA,NA,NA,NA
"89","shh_13.5_04_111-117_DB","DUHi",13.5,114,"DB",2,0,0,0,0,0,"2_0_0_0","123_2_0_0_0","-",123,"114DB",NA,NA,NA,NA,NA,NA,NA,NA,NA,NA,NA,NA,NA,NA,NA,NA,NA,NA,NA,NA,NA,NA,NA
"90","shh_14.0_08_169_DR","DUHi",14,169,"DR",2,0,0,0,0,1,"2_0_0_1","145_2_0_0_1","Y",145,"169DR",14,"7/30/2014","DUHi",169,"DR",4,TRUE,14,5.12989871492307,"DR",-1,5.08639190527468,14.2907417171897,14.3719554246351,5.11119078677427,14.3370335304336,14.352735286914,13.9956723005621,14.7091446454857,"001",14.3680404373198,14.3029388918437,78
"91","shh_14.0_10_143_DF","DUHi",14,143,"DF",2,0,0,0,0,1,"2_0_0_1","145_2_0_0_1","Y",145,"143DF",14,"7/17/2014","DUHi",143,"DF",5,TRUE,14,4.96284463025991,"DF",-1,5.04557255483404,14.2145446617957,14.0601173085095,4.99841763782678,14.1265210704226,14.0964612235995,13.7354565356586,14.4460755262751,"001",14.0723464592944,14.1952462148462,69
"92","shh_14.0_10_143_DF","DUHi",14,143,"DF",2,0,0,0,0,1,"2_0_0_1","145_2_0_0_1","Y",145,"143DF",14,"7/17/2014","DUHi",143,"DF",5,TRUE,14,4.96284463025991,"DF",-1,5.04557255483404,14.2145446617957,14.0601173085095,4.99841763782678,14.1265210704226,14.0964612235995,13.7354565356586,14.4460755262751,"001",14.0723464592944,14.1952462148462,70
"93","shh_14.0_13_113_DU","DUHi",14,113,"DU",2,0,0,0,0,0,"2_0_0_0","123_2_0_0_0","-",123,"113DU",14,"10/14/2014","DUHi",113,"DU",3,TRUE,14,4.72738781871234,"DU",-1,4.85763550706346,13.8637245364145,13.6205925360985,4.78339432470332,13.7251392962344,13.6801078900383,13.3079756459772,14.0318489157186,"001",13.6346049937346,13.8341698828987,83
"94","shh_14.0_14_125_DU","DUHi",14,125,"DU",2,0,0,0,0,0,"2_0_0_0","123_2_0_0_0","Y",123,"125DU",14,"10/14/2014","DUHi",125,"DU",3,TRUE,14,4.8283137373023,"DU",-1,4.95856142565342,14.0521218951788,13.8089898948628,4.88432024329328,13.9135366549987,13.8675691294811,13.5036772363238,14.2138967551224,"001",13.8225215995404,14.0221254819291,85
"95","shh_14.0_19_139_DF","DUHi",14,139,"DF",2,0,0,0,0,0,"2_0_0_0","123_2_0_0_0","-",123,"139DF",14,"7/17/2014","DUHi",139,"DF",5,TRUE,14,4.93447393313069,"DF",-1,5.01720185770482,14.1615853775987,14.0071580243126,4.97004694069757,14.0735617862256,14.043439259623,13.6812241330392,14.3939706776387,"001",14.0193874074401,14.1425249335677,66
"96","shh_14.0_19_139_DF","DUHi",14,139,"DF",2,0,0,0,0,0,"2_0_0_0","123_2_0_0_0","-",123,"139DF",14,"7/17/2014","DUHi",139,"DF",5,TRUE,14,4.93447393313069,"DF",-1,5.01720185770482,14.1615853775987,14.0071580243126,4.97004694069757,14.0735617862256,14.043439259623,13.6812241330392,14.3939706776387,"001",14.0193874074401,14.1425249335677,67
"97","shh_14.0_11_157_DF","DUHi",14,157,"DF",2,0,0,0,0,1,"2_0_0_1","145_2_0_0_1","Y",145,"157DF",14,"7/17/2014","DUHi",157,"DF",5,TRUE,14,5.05624580534831,"DF",-1,5.13897372992244,14.3888956604091,14.234468307123,5.09181881291518,14.300872069036,14.2697223158138,13.9114663704272,14.6174158498985,"001",14.2462719210794,14.3692749854995,71
"98","shh_14.0_16_144_DR","DUHi",14,144,"DR",2,0,0,0,0,1,"2_0_0_1","145_2_0_0_1","-",145,"144DR",14,"7/30/2014","DUHi",144,"DR",4,TRUE,14,4.969813299576,"DR",-1,4.92630648992761,13.9919119433374,14.0731256507827,4.95110537142719,14.0382037565812,14.0557668611875,13.6914660082307,14.4165820348619,"001",14.0697635031971,14.0041040561849,75
"99","shh_13.5_02_127_FA","FVB",13.5,127,"FA",2,0,0,0,0,0,"2_0_0_0","123_2_0_0_0","Y",123,"127FA",13.5,"7/17/2014","FVB",127,"FA",5,TRUE,13.5,4.84418708645859,"FA",-1.5,4.8394818084554,13.420773678415,13.4309499002545,4.84216381691722,13.4265741248635,13.4327331502143,12.9983277158974,13.833290385881,"001",13.4245352271253,13.4252591247798,280
"100","shh_13.5_04_125_FA","FVB",13.5,125,"FA",2,0,0,0,0,0,"2_0_0_0","123_2_0_0_0","Y",123,"125FA",13.5,"7/17/2014","FVB",125,"FA",5,TRUE,13.5,4.8283137373023,"FA",-1.5,4.82360845929911,13.386443991149,13.3966202129884,4.82629046776093,13.3922444375975,13.398419582478,12.9621398454848,13.7993139570602,"001",13.3900600056426,13.3910984384137,279
"101","shh_14.0_21_105_DF","DUHi",14,105,"DF",2,0,0,0,0,0,"2_0_0_0","123_2_0_0_0","Y",123,"105DF",14,"7/17/2014","DUHi",105,"DF",5,TRUE,14,4.65396035015752,"DF",-1,4.73668827473165,13.6379536002713,13.4835262469851,4.6895333577244,13.5499300088982,13.5218019354309,13.1391607468718,13.8827930173045,"001",13.4970307599019,13.6199406289837,63
"102","shh_13.5_06_109_FI","FVB",13.5,109,"FI",2,0,0,0,0,0,"2_0_0_0","123_2_0_0_0","-",123,"109FI",13.5,"10/17/2014","FVB",109,"FI",6,TRUE,13.5,4.69134788222914,"FI",-1.5,4.85891797127139,13.462808751452,13.100400749503,4.76340302051731,13.2562361903411,13.1760832646118,12.7212319257584,13.5925675801828,"001",13.1157982047798,13.4272197027412,642
"103","shh_13.5_05_67_DQ","DUHi",13.5,67,"DQ",0,0,0,0,0,0,"0_0_0_0","097_0_0_0_0","Y",97,"67DQ",13.5,"7/30/2014","DUHi",67,"DQ",4,TRUE,13.5,4.20469261939097,"DQ",-1.5,4.31396247068026,12.8488557542723,12.6448828634323,4.25167865544536,12.7325912064935,12.6946649484803,12.2762610704139,13.0863898158173,"001",12.6630594613393,12.8297512385671,28
"104","shh_13.5_06_101_DQ","DUHi",13.5,101,"DQ",0,0,0,0,0,0,"0_0_0_0","097_0_0_0_0","Y",97,"101DQ",13.5,"7/30/2014","DUHi",101,"DQ",4,TRUE,13.5,4.61512051684126,"DQ",-1.5,4.72439036813055,13.6149972263849,13.4110243355449,4.66210655289565,13.4987326786061,13.4568794524308,13.0802209880492,13.816477626854,"001",13.4284214650383,13.5931075088057,31
"105","shh_15.0_09_186_DJ","DUHi",15,186,"DJ",1,1,0,1,0,1,"1_1_1_1","202_1_1_1_1","-",202,"186DJ",15,"1/30/2014","DUHi",186,"DJ",5,TRUE,15,5.2257466737132,"DJ",0,5.33809060217255,14.760585047451,14.550873808845,5.27405456295072,14.6410496414455,14.6003111683663,14.2454287132716,14.9460951392836,"001",14.5628293354332,14.7379839136547,162
"106","shh_15.0_14_203_DAB","DUHi",15,203,"DAB",1,1,0,1,0,1,"1_1_1_1","202_1_1_1_1","Y",202,"203DAB",15,"10/30/2014","DUHi",203,"DAB",5,TRUE,15,5.31320597904179,"DAB",0,5.47170026572562,15.0099928117841,14.7141331811992,5.38135852231584,14.8413528223507,14.7763115013292,14.4165767510496,15.1313013632013,"001",14.7309580566958,14.9674254661204,146
"107","shh_15.0_01_219_DK","DUHi",15,219,"DK",1,2,0,2,1,1,"1_2_2_1","235_1_2_2_1","Y",235,"219DK",15,"3/13/2014","DUHi",219,"DK",5,TRUE,15,5.3890717298165,"DK",0,5.27864255052449,14.64961398996,14.8557509862815,5.34158718272094,14.7671120778632,14.803076689945,14.4621514284134,15.1524903285128,"001",14.8435003774546,14.678617671243,173
"108","shh_14.5_01_178_FC","FVB",14.5,178,"FC",0,1,0,1,0,1,"0_1_1_1","199_0_1_1_1","-",199,"178FC",14.5,"4/23/2014","FVB",178,"FC",4,TRUE,14.5,5.18178355029209,"FC",-0.5,5.21660752850993,14.2363928588409,14.1610781744722,5.19675786092576,14.1934634887507,14.1796824409913,13.766077388625,14.5721945872329,"001",14.1571450475751,14.2327700389615,405
"109","shh_14.5_02_193-197_FC","FVB",14.5,195,"FC",0,1,0,1,0,1,"0_1_1_1","199_0_1_1_1","-",199,"195FC",NA,NA,NA,NA,NA,NA,NA,NA,NA,NA,NA,NA,NA,NA,NA,NA,NA,NA,NA,NA,NA,NA,NA
"110","shh_14.0_11_195_FP","FVB",14,195,"FP",0,1,0,1,0,1,"0_1_1_1","199_0_1_1_1","-",199,"195FP",14.5,"2/25/2015","FVB",195,"FP",4,TRUE,14.5,5.27299955856375,"FP",-0.5,5.29494297558144,14.405810879785,14.3583533056871,5.28243522788136,14.3787600625492,14.3723431478372,13.9605169589499,14.7761698704198,"001",14.3539350766361,14.3976698500943,428
"111","shh_14.0_12_199_FP","FVB",14,199,"FP",0,1,0,1,0,1,"0_1_1_1","199_0_1_1_1","-",199,"199FP",14.5,"2/25/2015","FVB",199,"FP",4,TRUE,14.5,5.29330482472449,"FP",-0.5,5.31524824174219,14.4497255842553,14.4022680101574,5.3027404940421,14.4226747670195,14.4163806464915,14.0056350752073,14.8207899143852,"001",14.3977432689131,14.4413582789153,432
"112","shh_14.5_13_215_FP","FVB",14.5,215,"FP",0,1,0,1,0,1,"0_1_1_1","199_0_1_1_1","-",199,"215FP",14.5,"2/25/2015","FVB",215,"FP",4,TRUE,14.5,5.37063802812766,"FP",-0.5,5.39258144514536,14.6169760278747,14.5695184537768,5.38007369744527,14.5899252106389,14.583894058805,14.1767184674546,14.9883925960309,"001",14.5648889413607,14.6083112642999,436
"113","shh_14.5_03_199-207_FC","FVB",14.5,203,"FC",0,1,0,1,0,1,"0_1_1_1","199_0_1_1_1","-",199,"203FC",NA,NA,NA,NA,NA,NA,NA,NA,NA,NA,NA,NA,NA,NA,NA,NA,NA,NA,NA,NA,NA,NA,NA
"114","shh_14.5_04_199-207_FC","FVB",14.5,203,"FC",0,2,0,2,0,1,"0_2_2_1","325_0_2_2_1","-",325,"203FC",NA,NA,NA,NA,NA,NA,NA,NA,NA,NA,NA,NA,NA,NA,NA,NA,NA,NA,NA,NA,NA,NA,NA
"115","shh_14.5_05_199-207_FC","FVB",14.5,203,"FC",0,2,0,2,0,1,"0_2_2_1","325_0_2_2_1","-",325,"203FC",NA,NA,NA,NA,NA,NA,NA,NA,NA,NA,NA,NA,NA,NA,NA,NA,NA,NA,NA,NA,NA,NA,NA
"116","shh_15.0_05_245_DJ","DUHi",15,245,"DJ",0,2,0,1,0,1,"0_2_1_1","227_0_2_1_1","-",227,"245DJ",15,"1/30/2014","DUHi",245,"DJ",5,TRUE,15,5.50125821054473,"DJ",0,5.61360213900408,15.2748795574573,15.0651683188513,5.54956609978225,15.1553441514519,15.1114259157501,14.7607174567117,15.4625605000249,"001",15.0763617979076,15.2510873399837,169
"117","shh_13.5_07_72_DC","DUHi",13.5,72,"DC",0,0,0,0,0,0,"0_0_0_0","097_0_0_0_0","-",97,"72DC",NA,NA,NA,NA,NA,NA,NA,NA,NA,NA,NA,NA,NA,NA,NA,NA,NA,NA,NA,NA,NA,NA,NA
"118","shh_13.5_05_67_DQ","DUHi",13.5,67,"DQ",0,0,0,0,0,0,"0_0_0_0","097_0_0_0_0","Y",97,"67DQ",13.5,"7/30/2014","DUHi",67,"DQ",4,TRUE,13.5,4.20469261939097,"DQ",-1.5,4.31396247068026,12.8488557542723,12.6448828634323,4.25167865544536,12.7325912064935,12.6946649484803,12.2762610704139,13.0863898158173,"001",12.6630594613393,12.8297512385671,28
"119","shh_13.5_08_111_DC","DUHi",13.5,111,"DC",0,0,0,0,0,0,"0_0_0_0","097_0_0_0_0","Y",97,"111DC",NA,NA,NA,NA,NA,NA,NA,NA,NA,NA,NA,NA,NA,NA,NA,NA,NA,NA,NA,NA,NA,NA,NA
"120","shh_14.0_10_159_FJ","FVB",14,159,"FJ",0,0,0,0,0,1,"0_0_0_1","162_0_0_0_1","-",162,"159FJ",14,"12/8/2014","FVB",159,"FJ",2,TRUE,14,5.06890420222023,"FJ",-1,5.20657533379452,14.214695981655,13.9169511991282,5.12810278879718,14.0449814556147,13.9793858024861,13.5509893119666,14.3806031538824,"001",13.9246239790118,14.1799695421649,375
"121","shh_14.5_11_163_FR","FVB",14.5,163,"FR",0,0,0,0,0,1,"0_0_0_1","162_0_0_0_1","-",162,"163FR",14.5,"3/4/2015","FVB",163,"FR",4,TRUE,14.5,5.09375020080676,"FR",-0.5,5.23022370437094,14.2658409012462,13.9706862586226,5.15243380733936,14.0976027549507,14.0264470781724,13.6034040314859,14.4315577950722,"001",13.9813875308202,14.233724207529,450
"122","shh_14.0_05_171-178_FB","FVB",14,174.5,"FB",0,1,0,1,0,1,"0_1_1_1","199_0_1_1_1","Y",199,"174.5FB",NA,NA,NA,NA,NA,NA,NA,NA,NA,NA,NA,NA,NA,NA,NA,NA,NA,NA,NA,NA,NA,NA,NA
"123","shh_13.5_09_99_DZ","DUHi",13.5,99,"DZ",0,0,0,0,0,0,"0_0_0_0","097_0_0_0_0","Y",97,"99DZ",13.5,"11/19/2014","DUHi",99,"DZ",4,TRUE,13.5,4.59511985013459,"DZ",-1.5,4.55974089405414,13.3076477717423,13.3736892997711,4.57990689902,13.3452914427187,13.3650278612946,12.9850041479005,13.7286868808884,"001",13.3740714619196,13.320171799658,37
"124","shh_14.0_12_91_DU","DUHi",14,91,"DU",0,0,0,0,0,0,"0_0_0_0","097_0_0_0_0","Y",97,"91DU",14,"10/14/2014","DUHi",91,"DU",3,TRUE,14,4.51085950651685,"DU",-1,4.64110719486797,13.4595333961677,13.2164013958517,4.56686601250783,13.3209481559876,13.2789394591706,12.884355308393,13.64369985744,"001",13.2311819508547,13.4313667457677,80
"125","shh_14.0_18_94_DU","DUHi",14,94,"DU",0,0,0,0,0,0,"0_0_0_0","097_0_0_0_0","-",97,"94DU",14,"10/14/2014","DUHi",94,"DU",3,TRUE,14,4.54329478227,"DU",-1,4.67354247062113,13.5200799868558,13.2769479865398,4.59930128826099,13.3814947466757,13.3386456768662,12.9476283041136,13.7017960039149,"001",13.2915302691152,13.491576535054,81
"126","shh_14.0_20_142_DU","DUHi",14,142,"DU",0,0,0,0,0,0,"0_0_0_0","097_0_0_0_0","Y",97,"142DU",14,"10/14/2014","DUHi",142,"DU",3,TRUE,14,4.95582705760126,"DU",-1,5.08607474595238,14.2901496791933,14.0470176788773,5.01183356359224,14.1515644390132,14.1042853684289,13.7504829673124,14.4468810370241,"001",14.060408768303,14.2597492703028,87
"127","shh_13.5_07_88_FK","FVB",13.5,88,"FK",0,0,0,0,0,0,"0_0_0_0","097_0_0_0_0","Y",97,"88FK",13.5,"12/10/2014","FVB",88,"FK",4,TRUE,13.5,4.47733681447821,"FK",-1.5,4.78721332084986,13.3077313194458,12.6375536871074,4.61058371221802,12.9257300690129,12.7657744688901,12.271075656088,13.2025474776131,"001",12.6681316707576,13.2294951543455,286
"128","shh_14.5_05_187_DP","DUHi",14.5,187,"DP",1,0,0,0,0,1,"1_0_0_1","179_1_0_0_1","Y",179,"187DP",NA,NA,NA,NA,NA,NA,NA,NA,NA,NA,NA,NA,NA,NA,NA,NA,NA,NA,NA,NA,NA,NA,NA
"129","shh_13.5_03_143_FA","FVB",13.5,143,"FA",0,0,0,0,0,1,"0_0_0_1","162_0_0_0_1","-",162,"143FA",13.5,"7/17/2014","FVB",143,"FA",5,TRUE,13.5,4.96284463025991,"FA",-1.5,4.95813935225672,13.6773973014673,13.6875735233067,4.96082136071854,13.6831977479158,13.6891312904333,13.2693057656479,14.0897930212839,"001",13.6810631966498,13.6819572719172,283
"130","shh_14.0_01_163-167_FB","FVB",14,165,"FB",0,0,0,0,0,1,"0_0_0_1","162_0_0_0_1","Y",162,"165FB",14,"5/6/2014","FVB",165,"FB",3,TRUE,14,5.10594547390058,"FB",-1,5.0867210741143,13.9554841913884,13.9970612792507,5.09767898199248,13.9791831314699,13.998817804723,13.5823618178414,14.4033685455731,"001",13.9922980742168,13.9567319969983,367
"131","shh_14.0_02_171-178_FB","FVB",14,174.5,"FB",0,0,0,0,0,1,"0_0_0_1","162_0_0_0_1","Y",162,"174.5FB",NA,NA,NA,NA,NA,NA,NA,NA,NA,NA,NA,NA,NA,NA,NA,NA,NA,NA,NA,NA,NA,NA,NA
"132","shh_14.0_03_163-167_FB","FVB",14,165,"FB",0,0,0,0,0,1,"0_0_0_1","162_0_0_0_1","Y",162,"165FB",14,"5/6/2014","FVB",165,"FB",3,TRUE,14,5.10594547390058,"FB",-1,5.0867210741143,13.9554841913884,13.9970612792507,5.09767898199248,13.9791831314699,13.998817804723,13.5823618178414,14.4033685455731,"001",13.9922980742168,13.9567319969983,367
"133","shh_14.0_04_163-167_FB","FVB",14,165,"FB",1,0,0,0,0,1,"1_0_0_1","179_1_0_0_1","-",179,"165FB",14,"5/6/2014","FVB",165,"FB",3,TRUE,14,5.10594547390058,"FB",-1,5.0867210741143,13.9554841913884,13.9970612792507,5.09767898199248,13.9791831314699,13.998817804723,13.5823618178414,14.4033685455731,"001",13.9922980742168,13.9567319969983,367
"134","shh_14.0_06_171-178_FB","FVB",14,174.5,"FB",0,0,0,0,0,1,"0_0_0_1","162_0_0_0_1","Y",162,"174.5FB",NA,NA,NA,NA,NA,NA,NA,NA,NA,NA,NA,NA,NA,NA,NA,NA,NA,NA,NA,NA,NA,NA,NA
"135","shh_14.0_08_141_FJ","FVB",14,141,"FJ",0,0,0,0,0,1,"0_0_0_1","162_0_0_0_1","Y",162,"141FJ",14,"12/8/2014","FVB",141,"FJ",2,TRUE,14,4.94875989037817,"FJ",-1,5.08643102195246,13.9548568883593,13.6571121058325,5.00795847695511,13.785142362319,13.7184025311469,13.2804246756952,14.125082665199,"001",13.6650459810169,13.9203451526648,372
"136","shh_14.0_09_148_FJ","FVB",14,148,"FJ",0,0,0,0,0,1,"0_0_0_1","162_0_0_0_1","Y",162,"148FJ",14,"12/8/2014","FVB",148,"FJ",2,TRUE,14,4.99721227376411,"FJ",-1,5.1348834053384,14.0596460637601,13.7619012812332,5.05641086034106,13.8899315377198,13.8237322917641,13.3895491400623,14.2282076768034,"001",13.7696131212577,14.0247459147053,373
"137","shh_14.5_21_186_DAD","DUHi",14.5,186,"DAD",1,0,0,0,0,1,"1_0_0_1","179_1_0_0_1","y",179,"186DAD",14.5,"4/30/2015","DUHi",186,"DAD",5,TRUE,14.5,5.2257466737132,"DAD",-0.5,5.09811990598096,14.3126342536909,14.550873808845,5.17086716358834,14.4484308001287,14.4978615407042,14.1473982107848,14.8562062136095,"001",14.5385079936716,14.3489451824991,93
"138","shh_14.5_22_191_DAD","DUHi",14.5,191,"DAD",1,0,0,0,0,1,"1_0_0_1","179_1_0_0_1","y",179,"191DAD",14.5,"4/30/2015","DUHi",191,"DAD",5,TRUE,14.5,5.25227342804663,"DAD",-0.5,5.12464666031439,14.3621514691182,14.6003910242722,5.19739391792177,14.4979480155559,14.5469617206969,14.1979888270289,14.9060060565287,"001",14.588123946551,14.3981163797521,94
"139","shh_14.5_23_217_DAD","DUHi",14.5,217,"DAD",1,0,0,0,0,1,"1_0_0_1","179_1_0_0_1","-",179,"217DAD",14.5,"4/30/2015","DUHi",217,"DAD",5,TRUE,14.5,5.37989735354046,"DAD",-0.5,5.25227058580822,14.6003857186954,14.8386252738494,5.3250178434156,14.7361822651332,14.7835050799363,14.4392235896955,15.1432606934111,"001",14.8261108476196,14.6357079044334,95
"140","shh_15.5_17_353_DAC","DUHi",15.5,353,"DAC",0,2,0,2,1,1,"0_2_2_1","325_0_2_2_1","y",325,"353DAC",15.5,"4/29/2015","DUHi",353,"DAC",4,TRUE,15.5,5.8664680569333,"DAC",0.5,5.74975231529794,15.5290296704057,15.7469017270343,5.81628028803009,15.653216742684,15.6900466565942,15.3415073871012,16.0529991765598,"001",15.732596322811,15.5578033948594,190
"141","shh_13.5_13_107_DZ","DUHi",13.5,107,"DZ",2,0,0,0,0,0,"2_0_0_0","123_2_0_0_0","y",123,"107DZ",13.5,"11/19/2014","DUHi",107,"DZ",4,TRUE,13.5,4.67282883446191,"DZ",-1.5,4.63744987838145,13.4527063216575,13.5187478496864,4.65761588334731,13.490349992634,13.5092872105078,13.1365259168749,13.8678087359386,"001",13.5184753223649,13.4651226224853,38
"142","shh_14.0_26_126_DAA","DUHi",14,126,"DAA",2,0,0,0,0,0,"2_0_0_0","123_2_0_0_0","y",123,"126DAA",14,"5/12/2014","DUHi",126,"DAA",2,TRUE,14,4.83628190695148,"DAA",-1,4.91479585568318,13.9704251625416,13.8238639939749,4.87004290490611,13.8868852964586,13.8575161714301,13.4831446673003,14.20529085739,"001",13.8354127290067,13.9473997918519,49
"143","shh_15.5_18_257_DAC","DUHi",15.5,257,"DAC",0,2,0,2,1,1,"0_2_2_1","325_0_2_2_1","y",325,"257DAC",15.5,"4/29/2015","DUHi",257,"DAC",4,TRUE,15.5,5.54907608489522,"DAC",0.5,5.43236034325986,14.9365573891485,15.154429445777,5.49888831599201,15.0607444614268,15.1014512747626,14.7552742962814,15.4502420981348,"001",15.1419936282521,14.9688018591405,189
"144","shh_13.0_01_90_FX","FVB",13,90,"FX",0,0,0,0,0,0,"0_0_0_0","097_0_0_0_0","y",97,"90FX",13,"5/12/2015","FVB",90,"FX",3,TRUE,13,4.49980967033027,"FX",-2,4.57510286582909,12.8489947595029,12.6861562917487,4.53218574439476,12.756176832883,12.7135177661869,12.2513680340069,13.1460378183533,"001",12.686840828128,12.8381666052103,271
"145","shh_14.5_06_218_FZ","FVB",14.5,218,"FZ",0,2,0,1,0,1,"0_2_1_1","227_0_2_1_1","y",227,"218FZ",14.5,"5/13/2015","FVB",218,"FZ",4,TRUE,14.5,5.38449506278909,"FZ",-0.5,5.40467496813683,14.6431309910242,14.5994874075041,5.39317242208862,14.6182541484177,14.6197626828941,14.2062569987608,15.0153266201139,"001",14.5941985835146,14.6367836627945,482
"146","shh_14.5_14_190_FZ","FVB",14.5,190,"FZ",0,2,0,1,0,1,"0_2_1_1","227_0_2_1_1","y",227,"190FZ",14.5,"5/13/2015","FVB",190,"FZ",4,TRUE,14.5,5.24702407216049,"FZ",-0.5,5.26720397750823,14.3458190583016,14.3021754747814,5.25570143146001,14.3209422156951,14.3218846954781,13.9042938507268,14.7159806278167,"001",14.2975328997616,14.3399669796852,475
"147","shh_14.5_16_310_FW","FVB",14.5,310,"FW",0,2,0,2,1,1,"0_2_2_1","325_0_2_2_1","-",325,"310FW",14.5,"5/12/2015","FVB",310,"FW",3,TRUE,14.5,5.73657229747919,"FW",-0.5,5.30003327473579,14.4168197964502,15.3609336052416,5.54886051769953,14.9549646674613,15.1729295169137,14.7771752491215,15.5975387879994,"001",15.3071180241766,14.5373752688276,465
"148","shh_14.5_17_325_FW","FVB",14.5,325,"FW",0,2,0,2,1,1,"0_2_2_1","325_0_2_2_1","-",325,"325FW",14.5,"5/12/2015","FVB",325,"FW",3,TRUE,14.5,5.78382518232974,"FW",-0.5,5.34728615958633,14.5190147865161,15.4631285953074,5.59611340255007,15.0571596575272,15.2751685646648,14.8809429881185,15.7037546020529,"001",15.4092738657554,14.6391327880481,468
"149","shh_14.5_18_340_FW","FVB",14.5,340,"FW",0,2,0,2,1,1,"0_2_2_1","325_0_2_2_1","-",325,"340FW",14.5,"5/12/2015","FVB",340,"FW",3,TRUE,14.5,5.82894561761021,"FW",-0.5,5.3924065948668,14.6165978748257,15.5607116836171,5.64123383783054,15.1547427458368,15.3723629820861,14.9773870713766,15.8051388373923,"001",15.5068227885036,14.7365605278768,471
"150","shh_14.5_19_349_FW","FVB",14.5,349,"FW",0,2,0,2,2,1,"0_2_2_1","325_0_2_2_1","-",325,"349FW",14.5,"5/12/2015","FVB",349,"FW",3,TRUE,14.5,5.85507192220243,"FW",-0.5,5.41853289945902,14.6731018839821,15.6172156927734,5.66736014242276,15.2112467549931,15.4287772431978,15.0329618834179,15.8632500820992,"001",15.5632195029274,14.7928213486695,473
"151","shh_14.5_20_332_FS","FVB",14.5,332,"FS",0,2,0,2,1,1,"0_2_2_1","325_0_2_2_1","y",325,"332FS",14.5,"4/28/2015","FVB",332,"FS",3,TRUE,14.5,5.80513496891649,"FS",-0.5,5.28880165410678,14.3925288909904,15.509215801103,5.58311164354831,15.0290404297546,15.2852971566179,14.8784496801299,15.7253821069952,"001",15.4459976468764,14.5333078759921,456
"152","shh_14.5_21_344_FS","FVB",14.5,344,"FS",0,2,0,2,1,1,"0_2_2_1","325_0_2_2_1","y",325,"344FS",14.5,"4/28/2015","FVB",344,"FS",3,TRUE,14.5,5.8406416573734,"FS",-0.5,5.32430834256369,14.469320089784,15.5860069998965,5.61861833200522,15.1058316285481,15.3627542785584,14.9539086983479,15.8053998010591,"001",15.5229266711074,14.6102162251529,458
"153","shh_14.5_22_353_FS","FVB",14.5,353,"FS",0,2,0,2,2,1,"0_2_2_1","325_0_2_2_1","y",325,"353FS",14.5,"4/28/2015","FVB",353,"FS",3,TRUE,14.5,5.8664680569333,"FS",-0.5,5.35013474212359,14.5251754868631,15.6418623969756,5.64444473156512,15.1616870256272,15.4189206566058,15.0098371016821,15.8630935808182,"001",15.578559591534,14.6656378771984,459
"154","shh_14.5_24_359_FS","FVB",14.5,359,"FS",0,2,0,2,2,1,"0_2_2_1","325_0_2_2_1","y",325,"359FS",14.5,"4/28/2015","FVB",359,"FS",3,TRUE,14.5,5.88332238848828,"FS",-0.5,5.36698907367857,14.5616267691769,15.6783136792894,5.6612990631201,15.198138307941,15.4555943805263,15.0462197688721,15.9015093048798,"001",15.6149400748641,14.701906303621,461
"155","shh_14.5_25_373_FS","FVB",14.5,373,"FS",0,2,0,2,2,1,"0_2_2_1","325_0_2_2_1","-",325,"373FS",14.5,"4/28/2015","FVB",373,"FS",3,TRUE,14.5,5.92157841964382,"FS",-0.5,5.40524510483411,14.6443640398486,15.7610509499611,5.69955509427564,15.2808755786128,15.5385906557578,15.1279715315118,15.9885840387483,"001",15.6975810632011,14.7845741378683,463
"156","shh_15.0_10_151_FAA","FVB",15,151,"FAA",0,0,0,0,0,1,"0_0_0_1","162_0_0_0_1","-",162,"151FAA",15,"5/27/2015","FVB",151,"FAA",4,TRUE,15,5.01727983681492,"FAA",0,5.13065266420932,14.0504961346282,13.8053018992719,5.06603015259451,13.9107354204751,13.8543112457751,13.4149617706435,14.2653006658399,"001",13.8121717954434,14.0211651614163,484
"157","shh_15.0_11_229_FAA","FVB",15,229,"FAA",0,2,0,1,0,1,"0_2_1_1","227_0_2_1_1","-",227,"229FAA",15,"5/27/2015","FVB",229,"FAA",4,TRUE,15,5.43372200355424,"FAA",0,5.54709483094864,14.9511459727818,14.7059517374255,5.48247231933383,14.8113852586287,14.7576334250397,14.348178707418,15.1590775444831,"001",14.7111691780651,14.9232661199584,485
"158","shh_15.0_13_241_FAA","FVB",15,241,"FAA",0,2,0,2,0,1,"0_2_2_1","325_0_2_2_1","-",325,"241FAA",15,"5/27/2015","FVB",241,"FAA",4,TRUE,15,5.48479693349065,"FAA",0,5.59816976088505,15.0616069948755,14.8164127595192,5.53354724927024,14.9218462807224,14.8683366593239,14.4610137072215,15.2713637144757,"001",14.8215659401066,15.0337342430857,487
"159","shh_15.0_14_248_FAA","FVB",15,248,"FAA",0,2,0,2,1,1,"0_2_2_1","325_0_2_2_1","y",325,"248FAA",15,"5/27/2015","FVB",248,"FAA",4,TRUE,15,5.51342874616498,"FAA",0,5.62680157355938,15.1235297287166,14.8783354933602,5.56217906194457,14.9837690145635,14.930565101484,14.5235861403241,15.334194914178,"001",14.8832680393516,15.095379844331,488
"160","shh_15.0_15_249_FAA","FVB",15,249,"FAA",0,2,0,2,1,1,"0_2_2_1","325_0_2_2_1","y",325,"249FAA",15,"5/27/2015","FVB",249,"FAA",4,TRUE,15,5.51745289646471,"FAA",0,5.6308257238591,15.1322328587203,14.8870386233639,5.5662032122443,14.9924721445672,14.9393135668406,14.5324218790377,15.3431311081012,"001",14.8919990107659,15.103910052717,489
"161","shh_15.0_16_257_FAA","FVB",15,257,"FAA",0,2,0,2,1,1,"0_2_2_1","325_0_2_2_1","-",325,"257FAA",15,"5/27/2015","FVB",257,"FAA",4,TRUE,15,5.54907608489522,"FAA",0,5.66244891228962,15.2006251153566,14.9554308800003,5.59782640067481,15.0608644012035,15.0082968104427,14.6011118833177,15.412382754594,"001",14.9603165867793,15.1719320599781,490
"162","shh_15.0_17_258_FAA","FVB",15,258,"FAA",0,2,0,2,1,1,"0_2_2_1","325_0_2_2_1","-",325,"258FAA",15,"5/27/2015","FVB",258,"FAA",4,TRUE,15,5.55295958492162,"FAA",0,5.66633241231601,15.2090240575138,14.9638298221575,5.60170990070121,15.0692633433607,15.0167637071907,14.6099189056384,15.4211690503897,"001",14.9687989347802,15.1802740700026,491
"163","shh_14.5_26_290_FW","FVB",14.5,290,"FW",0,2,0,2,1,1,"0_2_2_1","325_0_2_2_1","y",325,"290FW",14.5,"5/12/2015","FVB",290,"FW",3,TRUE,14.5,5.66988092298052,"FW",-0.5,5.23334190023711,14.2725847010496,15.216698509841,5.48216914320086,14.8107295720607,15.0289683303259,14.633788798435,15.4481464418879,"001",15.1625759777125,14.393810686086,464
"164","shh_13.5_14_89_DC","DUHi",13.5,89,"DC",0,0,0,0,0,0,"0_0_0_0","097_0_0_0_0","-",97,"89DC",NA,NA,NA,NA,NA,NA,NA,NA,NA,NA,NA,NA,NA,NA,NA,NA,NA,NA,NA,NA,NA,NA,NA
"165","shh_13.5_16_95_DC","DUHi",13.5,95,"DC",0,0,0,0,0,0,"0_0_0_0","097_0_0_0_0","-",97,"95DC",NA,NA,NA,NA,NA,NA,NA,NA,NA,NA,NA,NA,NA,NA,NA,NA,NA,NA,NA,NA,NA,NA,NA
"166","shh_13.5_17_154-165_DB","DUHi",13.5,159.5,"DB",2,0,0,0,0,1,"2_0_0_1","145_2_0_0_1","-",145,"159.5DB",NA,NA,NA,NA,NA,NA,NA,NA,NA,NA,NA,NA,NA,NA,NA,NA,NA,NA,NA,NA,NA,NA,NA
"167","shh_14.5_24_178_DI","DUHi",14.5,178,"DI",1,0,0,0,0,1,"1_0_0_1","179_1_0_0_1","-",179,"178DI",14.5,"3/4/2014","DUHi",178,"DI",3,TRUE,14.5,5.18178355029209,"DI",-0.5,4.95599963485478,14.047339827035,14.4688083052431,5.08469646665404,14.2875768596136,14.369919901744,14.0152172464979,14.7303067672583,"001",14.447042141865,14.1024201541873,134
"168","shh_14.0_27_237_DG","DUHi",14,237,"DG",1,1,0,1,0,1,"1_1_1_1","202_1_1_1_1","y",202,"237DG",14.5,"12/17/2013","DUHi",237,"DG",3,TRUE,14.5,5.46806014113513,"DG",-0.5,5.23351609476867,14.5653769060318,15.0031978292068,5.36720620119755,14.8149348322415,14.9021389280104,14.5573080596302,15.2631923891918,"001",14.9781145024339,14.6186841119444,116
"169","shh_14.5_25_236_DAF","DUHi",14.5,236,"DAF",1,1,0,1,0,1,"1_1_1_1","202_1_1_1_1","-",202,"236DAF",14.5,"10/29/2015","DUHi",236,"DAF",5,TRUE,14.5,5.46383180502561,"DAF",-0.5,5.27497890273274,14.6427750968683,14.9953048383266,5.38262505703967,14.8437170494996,14.9143643143192,14.5757800932269,15.2761576017109,"001",14.9747378641594,14.6856381006898,108
"170","shh_14.5_28_223_DAF","DUHi",14.5,223,"DAF",1,1,0,1,0,1,"1_1_1_1","202_1_1_1_1","-",202,"223DAF",14.5,"10/29/2015","DUHi",223,"DAF",5,TRUE,14.5,5.40717177146012,"DAF",-0.5,5.21831886916724,14.5370084036307,14.8895381450889,5.32596502347418,14.7379503562619,14.8091995161458,14.4706155858533,15.1711061688019,"001",14.8696105041857,14.5803144251259,102
"171","shh_13.0_03_86_FX","FVB",13,86,"FX",0,0,0,0,0,0,"0_0_0_0","097_0_0_0_0","y",97,"86FX",13,"5/12/2015","FVB",86,"FX",3,TRUE,13,4.45434729625351,"FX",-2,4.52964049175233,12.7506721516486,12.5878336838944,4.486723370318,12.6578542250287,12.6150774903372,12.1452840604176,13.0526051620279,"001",12.5883069395948,12.7399317648973,269
"172","shh_13.0_04_87_FX","FVB",13,87,"FX",0,0,0,0,0,0,"0_0_0_0","097_0_0_0_0","-",97,"87FX",13,"5/12/2015","FVB",87,"FX",3,TRUE,13,4.46590811865458,"FX",-2,4.54120131415341,12.7756750299738,12.6128365622196,4.49828419271908,12.6828571033539,12.640305077673,12.172243529264,13.076537794088,"001",12.6133019045711,12.7648569407661,270
"173","shh_13.0_05_91_FX","FVB",13,91,"FX",0,0,0,0,0,0,"0_0_0_0","097_0_0_0_0","-",97,"91FX",13,"5/12/2015","FVB",91,"FX",3,TRUE,13,4.51085950651685,"FX",-2,4.58615270201567,12.8728925152249,12.7100540474707,4.54323558058134,12.780074588605,12.7374775377064,12.2766530900248,13.16835900255,"001",12.7106665695135,12.8619537377647,272
"174","shh_13.0_06_102_FX","FVB",13,102,"FX",0,0,0,0,0,0,"0_0_0_0","097_0_0_0_0","-",97,"102FX",13,"5/12/2015","FVB",102,"FX",3,TRUE,13,4.62497281328427,"FX",-2,4.70026600878309,13.1196882037499,12.9568497359957,4.65734888734876,13.02687027713,12.9846870219465,12.5392333161127,13.4061546759927,"001",12.9574692954757,13.1085593474417,274
"175","shh_13.0_07_108_FX","FVB",13,108,"FX",0,0,0,0,0,0,"0_0_0_0","097_0_0_0_0","-",97,"108FX",13,"5/12/2015","FVB",108,"FX",3,TRUE,13,4.68213122712422,"FX",-2,4.75742442262304,13.2433061278836,13.0804676601294,4.71450730118871,13.1504882012637,13.1088896440573,12.6699210585222,13.5273992855516,"001",13.0814671711787,13.2321870091925,276
"176","shh_13.5_14_112_FV","FVB",13.5,112,"FV",2,0,0,0,0,0,"2_0_0_0","123_2_0_0_0","y",123,"112FV",13.5,"4/30/2015","FVB",112,"FV",5,TRUE,13.5,4.71849887129509,"FV",-1.5,4.74455609483251,13.2154754751123,13.1591208692724,4.72970347741618,13.1833533497836,13.1703075012864,12.7212645206345,13.5760786505118,"001",13.1553006677485,13.2069599470709,313
"177","shh_13.5_15_132_FV","FVB",13.5,132,"FV",0,0,0,0,0,0,"0_0_0_0","097_0_0_0_0","-",97,"132FV",13.5,"4/30/2015","FVB",132,"FV",5,TRUE,13.5,4.88280192258637,"FV",-1.5,4.90885914612379,13.5708177732093,13.5144631673694,4.89400652870746,13.5386956478806,13.5269172172447,13.094051586303,13.9249712339264,"001",13.5114410079669,13.5611463011663,317
"178","shh_13.5_17_137_FV","FVB",13.5,137,"FV",0,0,0,0,0,1,"0_0_0_1","162_0_0_0_1","-",162,"137FV",13.5,"4/30/2015","FVB",137,"FV",5,TRUE,13.5,4.91998092582813,"FV",-1.5,4.94603814936554,13.6512257288075,13.5948711229676,4.93118553194921,13.6191036034788,13.6072939370347,13.176315773756,14.0051217094495,"001",13.5920114423559,13.6413429009229,319
"179","shh_13.5_20_127_FV","FVB",13.5,127,"FV",0,0,0,0,0,0,"0_0_0_0","097_0_0_0_0","-",97,"127FV",13.5,"4/30/2015","FVB",127,"FV",5,TRUE,13.5,4.84418708645859,"FV",-1.5,4.87024430999601,13.4873045060944,13.4309499002545,4.85539169257968,13.4551823807656,13.4434665586406,13.0071461728198,13.8425871768968,"001",13.4273497273551,13.4780596415572,316
"180","shh_14.5_28_184_FQ","FVB",14.5,184,"FQ",0,1,0,1,0,1,"0_1_1_1","199_0_1_1_1","y",199,"184FQ",14.5,"2/26/2015","FVB",184,"FQ",5,TRUE,14.5,5.21493575760899,"FQ",-0.5,5.34288525819314,14.5094968475462,14.2327772783074,5.26995404286017,14.3517666930801,14.2878949941275,13.8781188599984,14.6803275895263,"001",14.2419641438043,14.4699788318933,442
"181","shh_14.5_29_185_FQ","FVB",14.5,185,"FQ",0,1,0,1,0,1,"0_1_1_1","199_0_1_1_1","-",199,"185FQ",14.5,"2/26/2015","FVB",185,"FQ",5,TRUE,14.5,5.22035582507832,"FQ",-0.5,5.34830532566248,14.5212189623533,14.2444993931146,5.27537411032951,14.3634888078872,14.299472491853,13.8902611075199,14.692110804256,"001",14.2537714017569,14.4818095526136,443
"182","shh_14.5_30_189_FQ","FVB",14.5,189,"FQ",0,1,0,1,0,1,"0_1_1_1","199_0_1_1_1","-",199,"189FQ",14.5,"2/26/2015","FVB",189,"FQ",5,TRUE,14.5,5.24174701505964,"FQ",-0.5,5.36969651564379,14.5674822212962,14.2907626520574,5.29676530031083,14.4097520668301,14.3456807041504,13.9378048826932,14.7388601407483,"001",14.3000490033863,14.5280813676853,445
"183","shh_14.5_31_203_FZ","FVB",14.5,203,"FZ",0,1,0,1,0,1,"0_1_1_1","199_0_1_1_1","-",199,"203FZ",NA,NA,NA,NA,NA,NA,NA,NA,NA,NA,NA,NA,NA,NA,NA,NA,NA,NA,NA,NA,NA,NA,NA
"184","shh_14.5_32_207_FZ","FVB",14.5,207,"FZ",0,1,0,1,0,1,"0_1_1_1","199_0_1_1_1","y",199,"207FZ",14.5,"5/13/2015","FVB",207,"FZ",4,TRUE,14.5,5.33271879326537,"FZ",-0.5,5.35289869861311,14.5311531643506,14.4875095808304,5.3413961525649,14.5062763217441,14.507598057171,14.0928224583177,14.9028210431793,"001",14.4823543081907,14.5245030829132,478
"185","shh_14.5_33_208_FZ","FVB",14.5,208,"FZ",0,1,0,1,0,1,"0_1_1_1","199_0_1_1_1","-",199,"208FZ",NA,NA,NA,NA,NA,NA,NA,NA,NA,NA,NA,NA,NA,NA,NA,NA,NA,NA,NA,NA,NA,NA,NA
"186","shh_14.5_34_209_FZ","FVB",14.5,209,"FZ",0,2,0,2,0,1,"0_2_2_1","325_0_2_2_1","-",325,"209FZ",14.5,"5/13/2015","FVB",209,"FZ",4,TRUE,14.5,5.34233425196481,"FZ",-0.5,5.36251415731255,14.5519487561832,14.5083051726631,5.35101161126434,14.5270719135768,14.5284380524311,14.1142432520977,14.9235073617606,"001",14.5030209894727,14.5454183969526,479
"187","shh_14.5_36_214_FZ","FVB",14.5,214,"FZ",0,2,0,2,0,1,"0_2_2_1","325_0_2_2_1","-",325,"214FZ",14.5,"5/13/2015","FVB",214,"FZ",4,TRUE,14.5,5.36597601502185,"FZ",-0.5,5.38615592036959,14.6030793855278,14.5594358020076,5.37465337432138,14.5782025429213,14.5796292109399,14.1652704923887,14.9751417456447,"001",14.5542217624477,14.5965771220403,481
"188","shh_14.5_37_226_FQ","FVB",14.5,226,"FQ",0,2,0,2,0,1,"0_2_2_1","325_0_2_2_1","y",325,"226FQ",NA,NA,NA,NA,NA,NA,NA,NA,NA,NA,NA,NA,NA,NA,NA,NA,NA,NA,NA,NA,NA,NA,NA
"189","shh_13.5_21_136_FU","FVB",13.5,136,"FU",0,0,0,0,0,1,"0_0_0_1","162_0_0_0_1","-",162,"136FU",13.5,"4/29/2015","FVB",136,"FU",4,TRUE,13.5,4.91265488573605,"FU",-1.5,4.91437957601236,13.5827569443183,13.5790269137347,4.91339650255487,13.5806308268856,13.5756871032434,13.1425447884378,13.9774601464604,"001",13.5739089881523,13.5789316291366,311
