"","X","ID","Strain.x","ident","Age","Weight.x","mediantemps","Date.x","Clutch","shh_R2_spot","shh_M1_spot","shh_M2_spot","cap_transition","M1_spot_split_LR","shboob","Total_state","stateord","Symmetry","groupwt","nid.x","Age.dpc.","Date.y","Strain.y","Weight.y","Litter","Weekday","indata","age","poids","portee","agerel","poidscor","agecor","agepreditsanscor","poidscor2","agecor2","dev01","dev.inf","dev.sup","sd","dev05","dev15","nid.y"
"1",1,"shh_13.5_01_101-104_DB","DUHi",13,13.5,102.5,13.129,"1/20/2014","DB",2,0,0,0,0,0,"2_0_0_0","123_2_0_0_0","-",123,"102.5DB",13.5,"1/20/2014","DUHi",102,"DB",2,FALSE,13.5,4.62497281328427,"DB",-1.5,4.43624417213138,13.0771177299913,13.4294155144766,4.54381949758853,13.2779274671479,13.3538776821549,12.972381581851,13.7369182476042,"001",13.4115477809194,13.1245620665583,"102DB"
"2",2,"shh_13.5_02_154-165_DB","DUHi",26,13.5,159.5,13.88,"1/20/2014","DB",2,0,0,0,0,1,"2_0_0_1","145_2_0_0_1","Y",145,"159.5DB",13.5,"1/20/2014","DUHi",156,"DB",2,FALSE,13.5,5.04985600724954,"DB",-1.5,4.86112736609664,13.8702427532236,14.2225405377089,4.96870269155379,14.0710524903802,14.143431855632,13.7894860877242,14.4999756809226,"001",14.2031987162759,13.9156946277404,"156DB"
"3",3,"shh_13.5_03_123-130_DB","DUHi",18,13.5,126.5,13.49,"1/20/2014","DB",2,0,0,0,0,0,"2_0_0_0","123_2_0_0_0","-",123,"126.5DB",13.5,"1/20/2014","DUHi",123,"DB",2,FALSE,13.5,4.81218435537242,"DB",-1.5,4.62345571421952,13.4265835614879,13.7788813459732,4.73103103967667,13.6273932986445,13.7016943410116,13.3363984915175,14.0701457649715,"001",13.760366613158,13.472871445366,"123DB"
"4",4,"shh_13.5_04_111-117_DB","DUHi",15,13.5,114,13.3,"1/20/2014","DB",2,0,0,0,0,0,"2_0_0_0","123_2_0_0_0","-",123,"114DB",13.5,"1/20/2014","DUHi",111,"DB",2,FALSE,13.5,4.70953020131233,"DB",-1.5,4.52080156015944,13.2349601236109,13.5872579080962,4.62837688561659,13.4357698607675,13.5108285872859,13.1381185084742,13.8851292327521,"001",13.568956805007,13.2818147659301,"111DB"
"5",5,"shh_13.5_07_72_DC","DUHi",28,13.5,72,13.03,"7/30/2014","DC",0,0,0,0,0,0,"0_0_0_0","097_0_0_0_0","-",97,"72DC",13.5,"7/30/2014","DUHi",67,"DQ",4,TRUE,13.5,4.20469261939097,"DQ",-1.5,4.31396247068026,12.8488557542723,12.6448828634323,4.25167865544536,12.7325912064935,12.6946649484803,12.2762610704139,13.0863898158173,"001",12.6630594613393,12.8297512385671,"67DQ"
"6",6,"shh_13.5_08_111_DC","DUHi",15,13.5,111,13.769,"7/30/2014","DC",0,0,0,0,0,0,"0_0_0_0","097_0_0_0_0","Y",97,"111DC",13.5,"1/20/2014","DUHi",111,"DB",2,FALSE,13.5,4.70953020131233,"DB",-1.5,4.52080156015944,13.2349601236109,13.5872579080962,4.62837688561659,13.4357698607675,13.5108285872859,13.1381185084742,13.8851292327521,"001",13.568956805007,13.2818147659301,"111DB"
"7",7,"shh_13.5_12_156_DZ","DUHi",16,13.5,156,13.863,"1/20/2014","DZ",2,0,0,0,0,0,"2_0_0_0","123_2_0_0_0","Y",123,"156DZ",13.5,"1/20/2014","DUHi",115,"DB",2,FALSE,13.5,4.74493212836325,"DB",-1.5,4.55620348721036,13.3010445313105,13.6533423157958,4.66377881266751,13.5018542684671,13.576417462989,13.2061711258785,13.948018697004,"001",13.6348937231516,13.3477130797411,"115DB"
"8",8,"shh_13.5_13_126_FK","FVB",315,13.5,126,13.46,"4/30/2015","FK",2,0,0,0,0,0,"2_0_0_0","123_2_0_0_0","-",123,"126FK",13.5,"4/30/2015","FVB",126,"FV",5,TRUE,13.5,4.83628190695148,"FV",-1.5,4.86233913048889,13.4702077776353,13.4138531717954,4.84748651307257,13.4380856523066,13.4262097286045,12.9890739269463,13.8262331647395,"001",13.4102007759254,13.4609888894918,"126FV"
"9",9,"shh_13.5_14_89_DC","DUHi",30,13.5,89,13.375,"7/30/2014","DC",0,0,0,0,0,0,"0_0_0_0","097_0_0_0_0","-",97,"89DC",13.5,"7/30/2014","DUHi",91,"DQ",4,FALSE,13.5,4.51085950651685,"DQ",-1.5,4.62012935780614,13.4203742866916,13.2164013958517,4.55784554257124,13.3041097389129,13.2632892175773,12.8781598206456,13.6299288538771,"001",13.2339896294077,13.399438799406,"91DQ"
"10",10,"shh_13.5_16_95_DC","DUHi",31,13.5,95,13.464,"7/30/2014","DC",0,0,0,0,0,0,"0_0_0_0","097_0_0_0_0","-",97,"95DC",13.5,"7/30/2014","DUHi",101,"DQ",4,TRUE,13.5,4.61512051684126,"DQ",-1.5,4.72439036813055,13.6149972263849,13.4110243355449,4.66210655289565,13.4987326786061,13.4568794524308,13.0802209880492,13.816477626854,"001",13.4284214650383,13.5931075088057,"101DQ"
"11",11,"shh_14.0_02_171-178_FB","FVB",93,14,174.5,14.073,"05/06/14","FB",0,0,0,0,0,1,"0_0_0_1","162_0_0_0_1","Y",162,"174.5FB",14.5,"4/30/2015","DUHi",186,"DAD",5,TRUE,14.5,5.2257466737132,"DAD",-0.5,5.09811990598096,14.3126342536909,14.550873808845,5.17086716358834,14.4484308001287,14.4978615407042,14.1473982107848,14.8562062136095,"001",14.5385079936716,14.3489451824991,"186DAD"
"12",12,"shh_14.0_05_171-178_FB","FVB",96,14,174.5,14.026,"05/06/14","FB",0,1,0,1,0,1,"0_1_1_1","199_0_1_1_1","Y",199,"174.5FB",14.5,"4/30/2015","DUHi",250,"DAD",5,FALSE,14.5,5.52146091786225,"DAD",-0.5,5.39383415013001,14.8646409465705,15.1028805017245,5.46658140773738,15.0004374930082,15.0462210742916,14.7036669054926,15.40917846113,"001",15.0902903365114,14.8991013624438,"250DAD"
"13",13,"shh_14.0_05_220_DE","DUHi",114,14,220,14.695,"03/04/14","DE",1,1,0,1,0,1,"1_1_1_1","202_1_1_1_1","-",202,"220DE",14.5,"12/17/2013","DUHi",220,"DG",3,FALSE,14.5,5.39362754635236,"DG",-0.5,5.1590834999859,14.4264343582803,14.8642552814553,5.29277360641479,14.67599228449,14.7637978317482,14.4180084446834,15.1249948643101,"001",14.8390856998969,14.4801582898599,"220DG"
"14",14,"shh_14.0_06_171-178_FB","FVB",361,14,174.5,14.1,"05/06/14","FB",0,0,0,0,0,1,"0_0_0_1","162_0_0_0_1","Y",162,"174.5FB",14,"5/6/2014","FVB",175,"FB",3,FALSE,14,5.16478597392351,"FB",-1,5.14556157413724,14.0827400051727,14.1243170930351,5.15651948201542,14.1064389452543,14.1268039083035,13.7143898649318,14.5305686475572,"001",14.1189209146914,14.0836933209713,"175FB"
"15",15,"shh_14.5_02_193-197_FC","FVB",405,14.5,195,14.438,"4/23/14","FC",0,1,0,1,0,1,"0_1_1_1","199_0_1_1_1","-",199,"195FC",14.5,"4/23/2014","FVB",178,"FC",4,TRUE,14.5,5.18178355029209,"FC",-0.5,5.21660752850993,14.2363928588409,14.1610781744722,5.19675786092576,14.1934634887507,14.1796824409913,13.766077388625,14.5721945872329,"001",14.1571450475751,14.2327700389615,"178FC"
"16",16,"shh_14.5_03_199-207_FC","FVB",406,14.5,199,14.478,"4/23/14","FC",0,1,0,1,0,1,"0_1_1_1","199_0_1_1_1","-",199,"203FC",14.5,"4/23/2014","FVB",193,"FC",4,FALSE,14.5,5.26269018890489,"FC",-0.5,5.29751416712273,14.4113716597215,14.3360569753529,5.27766449953856,14.3684422896314,14.3548074280587,13.9469517408672,14.7455589605514,"001",14.3321707506562,14.4073979171928,"193FC"
"17",17,"shh_14.5_04_199-207_FC","FVB",407,14.5,203,14.532,"4/23/14","FC",0,2,0,2,0,1,"0_2_2_1","325_0_2_2_1","-",325,"203FC",14.5,"4/23/2014","FVB",197,"FC",4,FALSE,14.5,5.28320372873799,"FC",-0.5,5.31802770695583,14.4557368028464,14.3804221184778,5.29817803937166,14.4128074327563,14.3995050874524,13.9923653840702,14.7884808779972,"001",14.3766616785214,14.4517594009514,"197FC"
"18",18,"shh_14.5_04_255-256_DG","DUHi",120,14.5,255.5,14.725,"12/17/2013","DG",1,2,0,1,0,1,"1_2_1_1","227_1_2_1_1","-",227,"255.5DG",14.5,"12/17/2013","DUHi",255,"DG",3,FALSE,14.5,5.54126354515843,"DG",-0.5,5.30671949879197,14.7020249362229,15.1398458593979,5.44040960522085,14.9515828624326,15.0381795478198,14.6933192806224,15.4003360047269,"001",15.1145040075919,14.7553755710083,"255DG"
"19",19,"shh_14.5_05_187_DP","DUHi",122,14.5,187,14.341,"1/22/2014","DP",1,0,0,0,0,1,"1_0_0_1","179_1_0_0_1","Y",179,"187DP",14.5,"1/22/2014","DUHi",163,"DH",4,TRUE,14.5,5.09375020080676,"DH",-0.5,4.89849575203671,13.9399979292057,14.3044773706534,5.00979078783564,14.1477512108309,14.2217559666086,13.8659885561882,14.5801416844042,"001",14.285464014067,13.986907969257,"163DH"
"20",20,"shh_14.5_05_199-207_FC","FVB",123,14.5,203,14.551,"4/23/14","FC",0,2,0,2,0,1,"0_2_2_1","325_0_2_2_1","-",325,"203FC",14.5,"1/22/2014","DUHi",196,"DH",4,FALSE,14.5,5.27811465923052,"DH",-0.5,5.08286021046047,14.284149139344,14.6486285807916,5.1941552462594,14.4919024209691,14.5645601747585,14.2195251480043,14.9193707827691,"001",14.6290669989849,14.3303021231019,"196DH"
"21",21,"shh_14.5_06_287_DP","DUHi",159,14.5,287,14.922,"03/04/14","DP",0,2,0,2,0,1,"0_2_2_1","325_0_2_2_1","-",325,"287DP",15,"03/16/16","DUHi",284,"DAJ",4,FALSE,15,5.64897423816121,"DAJ",0,5.63477312593905,15.3143992177855,15.340908285739,5.64286775990568,15.329509386519,15.3273644092683,14.9878104445241,15.6866611392736,"001",15.3391353335129,15.3144499456749,"284DAJ"
"22",22,"shh_14.5_12_196-199_DH","DUHi",123,14.5,197.5,14.331,"1/22/2014","DH",1,1,0,1,0,1,"1_1_1_1","202_1_1_1_1","-",202,"197.5DH",14.5,"1/22/2014","DUHi",196,"DH",4,FALSE,14.5,5.27811465923052,"DH",-0.5,5.08286021046047,14.284149139344,14.6486285807916,5.1941552462594,14.4919024209691,14.5645601747585,14.2195251480043,14.9193707827691,"001",14.6290669989849,14.3303021231019,"196DH"
"23",23,"shh_14.5_13_211-216_DH","DUHi",125,14.5,213.5,14.475,"1/22/2014","DH",1,0,0,0,0,1,"1_0_0_1","179_1_0_0_1","-",179,"213.5DH",14.5,"1/22/2014","DUHi",211,"DH",4,FALSE,14.5,5.35185813347607,"DH",-0.5,5.15660368470602,14.4218053129817,14.7862847544294,5.26789872050495,14.6295585946069,14.7011467359834,14.3582593505674,15.0567697254587,"001",14.766469158282,14.4676629978657,"211DH"
"24",24,"shh_14.5_15_209-216_DG","DUHi",126,14.5,212.5,14.396,"12/17/2013","DG",1,1,0,1,0,1,"1_1_1_1","202_1_1_1_1","Y",202,"212.5DG",14.5,"1/22/2014","DUHi",215,"DH",4,FALSE,14.5,5.37063802812766,"DH",-0.5,5.17538357935761,14.4568615463028,14.8213409877504,5.28667861515654,14.6646148279279,14.7361043803072,14.3940313662964,15.0921053862029,"001",14.8013891089303,14.5025749801744,"215DH"
"25",25,"shh_14.5_17_237-241_DH","DUHi",128,14.5,239,14.663,"1/22/2014","DH",0,2,0,1,0,1,"0_2_1_1","227_0_2_1_1","Y",227,"239DH",14.5,"1/22/2014","DUHi",237,"DH",4,FALSE,14.5,5.46806014113513,"DH",-0.5,5.27280569236508,14.6387183877591,15.0031978292068,5.38410072816401,14.8464716693843,14.9169402120899,14.5760058592316,15.2720920872789,"001",14.9826885882682,14.6840507256882,"237DH"
"26",26,"shh_14.5_31_203_FZ","FVB",476,14.5,203,14.478,"13/5/15","FZ",0,1,0,1,0,1,"0_1_1_1","199_0_1_1_1","-",199,"203FZ",14.5,"5/13/2015","FVB",197,"FZ",4,FALSE,14.5,5.28320372873799,"FZ",-0.5,5.30338363408573,14.4240657019979,14.3804221184778,5.29188108803752,14.3991888593914,14.3999821057832,13.9829671871111,14.7946718463798,"001",14.3753803500575,14.4177928493698,"197FZ"
"27",27,"shh_14.5_33_208_FZ","FVB",478,14.5,208,14.548,"13/5/15","FZ",0,1,0,1,0,1,"0_1_1_1","199_0_1_1_1","-",199,"208FZ",14.5,"5/13/2015","FVB",207,"FZ",4,TRUE,14.5,5.33271879326537,"FZ",-0.5,5.35289869861311,14.5311531643506,14.4875095808304,5.3413961525649,14.5062763217441,14.507598057171,14.0928224583177,14.9028210431793,"001",14.4823543081907,14.5245030829132,"207FZ"
"28",28,"shh_14.5_37_226_FQ","FVB",447,14.5,226,14.876,"2/26/2015","FQ",0,2,0,2,0,1,"0_2_2_1","325_0_2_2_1","y",325,"226FQ",14.5,"2/26/2015","FVB",223,"FQ",5,FALSE,14.5,5.40717177146012,"FQ",-0.5,5.53512127204427,14.9252504589491,14.6485308897103,5.4621900567113,14.767520304483,14.7041168030933,14.3018608441383,15.10195564802,"001",14.6570334945013,14.8848256085297,"223FQ"
"29",29,"shh_15.0_01_234_FD","FVB",529,15,234,14.707,"4/23/14","FD",0,2,0,2,0,1,"0_2_2_1","325_0_2_2_1","Y",325,"234FD",15,"7/24/2014","FVB",246,"FC",5,FALSE,15,5.50533153593236,"FC",0,5.5401555141502,14.9361381396406,14.860823455272,5.52030584656603,14.8932087695505,14.8815705448807,14.4823369343217,15.2727518698788,"001",14.8577625743777,14.9311064759873,"246FC"
"30",30,"shh_15.0_02_246_FD","FVB",530,15,246,14.992,"4/23/14","FD",0,2,0,2,0,1,"0_2_2_1","325_0_2_2_1","Y",325,"246FD",15,"7/24/2014","FVB",256,"FD",5,TRUE,15,5.54517744447956,"FD",0,5.50593111588365,14.8621201817546,14.9469991933465,5.52830152318332,14.910501218362,14.9335710539563,14.5313503011266,15.3255567685555,"001",14.9339637442606,14.8694257438098,"256FD"
"31",31,"shh_15.0_04_217-218_DJ","DUHi",165,15,217.5,15.05,"1/30/2014","DJ",1,2,0,1,0,1,"1_2_1_1","227_1_2_1_1","-",227,"217.5DJ",15,"1/30/2014","DUHi",204,"DJ",5,FALSE,15,5.31811999384422,"DJ",0,5.43046392230357,14.9330173599443,14.7233061213382,5.36642788308174,14.8134819539388,14.771417518308,14.4194597292987,15.1175165126583,"001",14.7351350070359,14.9101529090484,"204DJ"
"32",32,"shh_15.0_07_234_DK","DUHi",185,15,234,14.797,"9/18/2014","DK",1,2,0,2,0,1,"1_2_2_1","235_1_2_2_1","-",235,"234DK",15,"9/18/2014","DUHi",235,"DT",5,FALSE,15,5.45958551414416,"DT",0,5.50047695456535,15.0637099564693,14.9873783314611,5.47716883352527,15.0202009302146,14.9964611120571,14.6426873417029,15.3468124984374,"001",14.9909169803629,15.0527469018898,"235DT"
"33",33,"shh_15.0_10_242_DK","DUHi",186,15,242,14.884,"9/18/2014","DK",0,2,0,1,1,1,"0_2_1_1","227_0_2_1_1","-",227,"242DK",15,"9/18/2014","DUHi",242,"DT",5,FALSE,15,5.48893772615669,"DT",0,5.52982916657788,15.1185014242539,15.0421697992457,5.5065210455378,15.0749923979992,15.0509410630631,14.6971477969452,15.4019708072481,"001",15.0457324233483,15.1069662952469,"242DT"
"34",34,"shh_15.5_04_457_DN","DUHi",219,15.5,457,15.807,"03/05/14","DN",0,2,0,2,1,1,"0_2_2_1","325_0_2_2_1","-",325,"457DN",15.5,"3/12/2014","DUHi",456,"DN",4,FALSE,15.5,6.12249280951439,"DN",0.5,5.89774158495376,15.8052796953561,16.2248204602839,6.02584978295332,16.044417931365,16.1243403735975,15.7692021046197,16.5197635039876,"001",16.1971349762216,15.8548560237759,"456DN"
"35",35,"shh_15.5_10_380_DJ","DUHi",211,15.5,380,15.49,"03/14/14","DJ",0,2,0,2,1,1,"0_2_2_1","325_0_2_2_1","Y",325,"380DJ",15.5,"3/12/2014","DUHi",380,"DN",4,FALSE,15.5,5.94017125272043,"DN",0.5,5.71542002815981,15.4649419483663,15.8844827132941,5.84352822615936,15.7040801843752,15.786131119929,15.4375675326094,16.1689606963303,"001",15.857463599751,15.5152460608823,"380DN"
"36",36,"shh_16.0_02_402_FE","FVB",582,16,402,16.079,"7/31/2014","FE",0,2,0,2,2,1,"0_2_2_1","325_0_2_2_1","Y",325,"402FE",16,"7/31/2014","FVB",402,"FF",5,FALSE,16,5.99645208861902,"FF",1,6.05820220623188,16.0565306134206,15.9229820972618,6.02300463919255,15.9804079592101,15.9542515335164,15.5476559495833,16.3737806277895,"001",15.9216699253416,16.0381022053679,"402FF"
"37",37,"shh_16.0_03_437_FE","FVB",586,16,437,16.238,"7/31/2014","FE",0,2,0,2,2,1,"0_2_2_1","325_0_2_2_1","-",325,"437FE",16,"7/31/2014","FVB",437,"FF",5,FALSE,16,6.07993319509559,"FF",1,6.14168331270845,16.2370772800219,16.1035287638631,6.10648574566912,16.1609546258114,16.1343932870616,15.724314492799,16.5640708579847,"001",16.1017678694392,16.2184978392108,"437FF"
"38",38,"shh_16.0_04_404_FE","FVB",583,16,404,16.084,"7/31/2014","FE",0,2,1,2,2,1,"0_2_2_1","325_0_2_2_1","-",325,"404FE",16,"7/31/2014","FVB",404,"FF",5,TRUE,16,6.00141487796115,"FF",1,6.06316499557401,16.0672637614416,15.9337152452828,6.02796742853468,15.9911411072311,15.9650048310959,15.558440669942,16.3852334280713,"001",15.9324889856732,16.0488486550362,"404FF"
"39",39,"shh_16.0_08_456_DO","DUHi",584,16,456,16.113,"3/20/14","DO",0,2,0,2,2,1,"0_2_2_1","325_0_2_2_1","-",325,"456DO",16,"7/31/2014","FVB",406,"FF",5,FALSE,16,6.00635315960173,"FF",1,6.0681032772146,16.0779439060465,15.9443953898877,6.03290571017526,16.001821251836,15.9756757858918,15.5688688040398,16.3963930940385,"001",15.9428958023799,16.0596111919282,"406FF"
"40",40,"shh_13.5_06_101_DQ","DUHi",31,13.5,101,13.581,"7/30/2014","DQ",0,0,0,0,0,0,"0_0_0_0","097_0_0_0_0","Y",97,"101DQ",13.5,"7/30/2014","DUHi",101,"DQ",4,TRUE,13.5,4.61512051684126,"DQ",-1.5,4.72439036813055,13.6149972263849,13.4110243355449,4.66210655289565,13.4987326786061,13.4568794524308,13.0802209880492,13.816477626854,"001",13.4284214650383,13.5931075088057,"101DQ"
"41",41,"shh_13.0_06_102_FX","FVB",274,13,102,13.091,"05/12/15","FX",0,0,0,0,0,0,"0_0_0_0","097_0_0_0_0","-",97,"102FX",13,"5/12/2015","FVB",102,"FX",3,TRUE,13,4.62497281328427,"FX",-2,4.70026600878309,13.1196882037499,12.9568497359957,4.65734888734876,13.02687027713,12.9846870219465,12.5392333161127,13.4061546759927,"001",12.9574692954757,13.1085593474417,"102FX"
"42",42,"shh_14.0_21_105_DF","DUHi",63,14,105,13.651,"7/17/2014","DF",2,0,0,0,0,0,"2_0_0_0","123_2_0_0_0","Y",123,"105DF",14,"7/17/2014","DUHi",105,"DF",5,TRUE,14,4.65396035015752,"DF",-1,4.73668827473165,13.6379536002713,13.4835262469851,4.6895333577244,13.5499300088982,13.5218019354309,13.1391607468718,13.8827930173045,"001",13.4970307599019,13.6199406289837,"105DF"
"43",43,"shh_13.5_10_105_FK","FVB",291,13.5,105,13.62,"12/10/14","FK",2,0,0,0,0,0,"2_0_0_0","123_2_0_0_0","Y",123,"105FK",13.5,"12/10/2014","FVB",105,"FK",4,TRUE,13.5,4.65396035015752,"FK",-1.5,4.96383685652918,13.6897194357532,13.0195418034147,4.78720724789734,13.3077181853203,13.1485230685354,12.6777632638912,13.5705288235198,"001",13.0497577576851,13.6096359905839,"105FK"
"44",44,"shh_13.5_13_107_DZ","DUHi",38,13.5,107,13.455,"11/19/2014","DZ",2,0,0,0,0,0,"2_0_0_0","123_2_0_0_0","y",123,"107DZ",13.5,"11/19/2014","DUHi",107,"DZ",4,TRUE,13.5,4.67282883446191,"DZ",-1.5,4.63744987838145,13.4527063216575,13.5187478496864,4.65761588334731,13.490349992634,13.5092872105078,13.1365259168749,13.8678087359386,"001",13.5184753223649,13.4651226224853,"107DZ"
"45",45,"shh_13.0_07_108_FX","FVB",276,13,108,13.197,"05/12/15","FX",0,0,0,0,0,0,"0_0_0_0","097_0_0_0_0","-",97,"108FX",13,"5/12/2015","FVB",108,"FX",3,TRUE,13,4.68213122712422,"FX",-2,4.75742442262304,13.2433061278836,13.0804676601294,4.71450730118871,13.1504882012637,13.1088896440573,12.6699210585222,13.5273992855516,"001",13.0814671711787,13.2321870091925,"108FX"
"46",46,"shh_13.5_06_109_FI","FVB",642,13.5,109,13.423,"10/17/2014","FI",2,0,0,0,0,0,"2_0_0_0","123_2_0_0_0","-",123,"109FI",13.5,"10/17/2014","FVB",109,"FI",6,TRUE,13.5,4.69134788222914,"FI",-1.5,4.85891797127139,13.462808751452,13.100400749503,4.76340302051731,13.2562361903411,13.1760832646118,12.7212319257584,13.5925675801828,"001",13.1157982047798,13.4272197027412,"109FI"
"47",47,"shh_13.5_10_110_DZ","DUHi",40,13.5,110,13.506,"11/19/2014","DZ",2,0,0,0,0,0,"2_0_0_0","123_2_0_0_0","-",123,"110DZ",13.5,"11/19/2014","DUHi",110,"DZ",4,TRUE,13.5,4.70048036579242,"DZ",-1.5,4.66510140971196,13.5043231465647,13.5703646745936,4.68526741467782,13.5419668175412,13.5605953936745,13.1901427314416,13.9176716784896,"001",13.5697579163164,13.5164077766534,"110DZ"
"48",48,"shh_13.5_14_112_FV","FVB",313,13.5,112,13.229,"4/30/2015","FV",2,0,0,0,0,0,"2_0_0_0","123_2_0_0_0","y",123,"112FV",13.5,"4/30/2015","FVB",112,"FV",5,TRUE,13.5,4.71849887129509,"FV",-1.5,4.74455609483251,13.2154754751123,13.1591208692724,4.72970347741618,13.1833533497836,13.1703075012864,12.7212645206345,13.5760786505118,"001",13.1553006677485,13.2069599470709,"112FV"
"49",49,"shh_14.0_13_113_DU","DUHi",83,14,113,13.841,"10/14/2014","DU",2,0,0,0,0,0,"2_0_0_0","123_2_0_0_0","-",123,"113DU",14,"10/14/2014","DUHi",113,"DU",3,TRUE,14,4.72738781871234,"DU",-1,4.85763550706346,13.8637245364145,13.6205925360985,4.78339432470332,13.7251392962344,13.6801078900383,13.3079756459772,14.0318489157186,"001",13.6346049937346,13.8341698828987,"113DU"
"50",50,"shh_14.0_06_117_DR","DUHi",72,14,117,13.635,"7/30/2014","DR",2,0,0,0,0,0,"2_0_0_0","123_2_0_0_0","-",123,"117DR",14,"7/30/2014","DUHi",117,"DR",4,TRUE,14,4.76217393479776,"DR",-1,4.71866712514937,13.6043137084513,13.6855274158967,4.74346600664895,13.6506055216951,13.6702727914276,13.2907741746774,14.0374127075175,"001",13.6837351862112,13.618533529033,"117DR"
"51",51,"shh_13.5_01_124_FA","FVB",278,13.5,124,13.38,"7/17/2014","FA",2,0,0,0,0,0,"2_0_0_0","123_2_0_0_0","-",123,"124FA",13.5,"7/17/2014","FVB",124,"FA",5,TRUE,13.5,4.82028156560504,"FA",-1.5,4.81557628760185,13.3690726135197,13.3792488353592,4.81825829606367,13.3748730599682,13.3810164184477,12.9434439592902,13.78178425299,"001",13.372721196118,13.3739557371256,"124FA"
"52",52,"shh_14.0_14_125_DU","DUHi",85,14,125,14.004,"10/14/2014","DU",2,0,0,0,0,0,"2_0_0_0","123_2_0_0_0","Y",123,"125DU",14,"10/14/2014","DUHi",125,"DU",3,TRUE,14,4.8283137373023,"DU",-1,4.95856142565342,14.0521218951788,13.8089898948628,4.88432024329328,13.9135366549987,13.8675691294811,13.5036772363238,14.2138967551224,"001",13.8225215995404,14.0221254819291,"125DU"
"53",53,"shh_13.5_04_125_FA","FVB",279,13.5,125,13.394,"7/17/2014","FA",2,0,0,0,0,0,"2_0_0_0","123_2_0_0_0","Y",123,"125FA",13.5,"7/17/2014","FVB",125,"FA",5,TRUE,13.5,4.8283137373023,"FA",-1.5,4.82360845929911,13.386443991149,13.3966202129884,4.82629046776093,13.3922444375975,13.398419582478,12.9621398454848,13.7993139570602,"001",13.3900600056426,13.3910984384137,"125FA"
"54",54,"shh_14.0_26_126_DAA","DUHi",49,14,126,13.955,"05/12/14","DAA",2,0,0,0,0,0,"2_0_0_0","123_2_0_0_0","y",123,"126DAA",14,"5/12/2014","DUHi",126,"DAA",2,TRUE,14,4.83628190695148,"DAA",-1,4.91479585568318,13.9704251625416,13.8238639939749,4.87004290490611,13.8868852964586,13.8575161714301,13.4831446673003,14.20529085739,"001",13.8354127290067,13.9473997918519,"126DAA"
"55",55,"shh_13.5_02_127_FA","FVB",280,13.5,127,13.432,"7/17/2014","FA",2,0,0,0,0,0,"2_0_0_0","123_2_0_0_0","Y",123,"127FA",13.5,"7/17/2014","FVB",127,"FA",5,TRUE,13.5,4.84418708645859,"FA",-1.5,4.8394818084554,13.420773678415,13.4309499002545,4.84216381691722,13.4265741248635,13.4327331502143,12.9983277158974,13.833290385881,"001",13.4245352271253,13.4252591247798,"127FA"
"56",56,"shh_13.5_20_127_FV","FVB",316,13.5,127,13.473,"4/30/2015","FV",0,0,0,0,0,0,"0_0_0_0","097_0_0_0_0","-",97,"127FV",13.5,"4/30/2015","FVB",127,"FV",5,TRUE,13.5,4.84418708645859,"FV",-1.5,4.87024430999601,13.4873045060944,13.4309499002545,4.85539169257968,13.4551823807656,13.4434665586406,13.0071461728198,13.8425871768968,"001",13.4273497273551,13.4780596415572,"127FV"
"57",57,"shh_14.0_02_128_DD","DUHi",58,14,128,14.255,"1/20/2014","DD",2,0,0,0,0,0,"2_0_0_0","123_2_0_0_0","-",123,"128DD",14,"1/20/2014","DUHi",128,"DD",2,TRUE,14,4.85203026391962,"DD",-1,5.09331880014331,14.3036720795379,13.8532612875456,4.95578433449581,14.0469379281023,13.9558622073914,13.5896782953756,14.2986571305109,"001",13.8812891701827,14.2449842108505,"128DD"
"58",58,"shh_14.0_02_128_DD","DUHi",59,14,128,14.255,"1/20/2014","DD",2,0,0,0,0,0,"2_0_0_0","123_2_0_0_0","-",123,"128DD",14,"1/20/2014","DUHi",128,"DD",2,TRUE,14,4.85203026391962,"DD",-1,5.09331880014331,14.3036720795379,13.8532612875456,4.95578433449581,14.0469379281023,13.9558622073914,13.5896782953756,14.2986571305109,"001",13.8812891701827,14.2449842108505,"128DD"
"59",59,"shh_14.0_07_130_FJ","FVB",370,14,130,14.247,"1/20/2014","FJ",2,0,0,0,0,0,"2_0_0_0","123_2_0_0_0","-",123,"130FJ",14,"12/8/2014","FVB",130,"FJ",2,TRUE,14,4.86753445045558,"FJ",-1,5.00520558202987,13.7791886079519,13.4814438254251,4.92673303703253,13.6094740819116,13.5428571466073,13.098090139261,13.9523929174654,"001",13.4896868208095,13.744934375905,"130FJ"
"60",60,"shh_13.5_15_132_FV","FVB",317,13.5,132,13.773,"12/08/14","FV",0,0,0,0,0,0,"0_0_0_0","097_0_0_0_0","-",97,"132FV",13.5,"4/30/2015","FVB",132,"FV",5,TRUE,13.5,4.88280192258637,"FV",-1.5,4.90885914612379,13.5708177732093,13.5144631673694,4.89400652870746,13.5386956478806,13.5269172172447,13.094051586303,13.9249712339264,"001",13.5114410079669,13.5611463011663,"132FV"
"61",61,"shh_13.5_11_135_DZ","DUHi",45,13.5,135,13.557,"4/30/2015","DZ",2,0,0,0,0,0,"2_0_0_0","123_2_0_0_0","-",123,"135DZ",13.5,"11/19/2014","DUHi",135,"DZ",4,TRUE,13.5,4.90527477843843,"DZ",-1.5,4.86989582235798,13.8866107390013,13.9526522670301,4.89006182732384,13.9242544099777,13.9414914200614,13.5859909155108,14.2877749087291,"001",13.9510347746277,13.8975812610603,"135DZ"
"62",62,"shh_13.5_21_136_FU","FVB",311,13.5,136,13.858,"11/19/2014","FU",0,0,0,0,0,1,"0_0_0_1","162_0_0_0_1","-",162,"136FU",13.5,"4/29/2015","FVB",136,"FU",4,TRUE,13.5,4.91265488573605,"FU",-1.5,4.91437957601236,13.5827569443183,13.5790269137347,4.91339650255487,13.5806308268856,13.5756871032434,13.1425447884378,13.9774601464604,"001",13.5739089881523,13.5789316291366,"136FU"
"63",63,"shh_13.5_17_137_FV","FVB",319,13.5,137,13.564,"4/29/2015","FV",0,0,0,0,0,1,"0_0_0_1","162_0_0_0_1","-",162,"137FV",13.5,"4/30/2015","FVB",137,"FV",5,TRUE,13.5,4.91998092582813,"FV",-1.5,4.94603814936554,13.6512257288075,13.5948711229676,4.93118553194921,13.6191036034788,13.6072939370347,13.176315773756,14.0051217094495,"001",13.5920114423559,13.6413429009229,"137FV"
"64",64,"shh_14.0_19_139_DF","DUHi",66,14,139,13.633,"4/30/2015","DF",2,0,0,0,0,0,"2_0_0_0","123_2_0_0_0","-",123,"139DF",14,"7/17/2014","DUHi",139,"DF",5,TRUE,14,4.93447393313069,"DF",-1,5.01720185770482,14.1615853775987,14.0071580243126,4.97004694069757,14.0735617862256,14.043439259623,13.6812241330392,14.3939706776387,"001",14.0193874074401,14.1425249335677,"139DF"
"65",65,"shh_14.0_19_139_DF","DUHi",67,14,139,13.633,"4/30/2015","DF",2,0,0,0,0,0,"2_0_0_0","123_2_0_0_0","-",123,"139DF",14,"7/17/2014","DUHi",139,"DF",5,TRUE,14,4.93447393313069,"DF",-1,5.01720185770482,14.1615853775987,14.0071580243126,4.97004694069757,14.0735617862256,14.043439259623,13.6812241330392,14.3939706776387,"001",14.0193874074401,14.1425249335677,"139DF"
"66",66,"shh_14.0_09_140_DF","DUHi",68,14,140,14.136,"7/17/2014","DF",2,0,0,0,0,0,"2_0_0_0","123_2_0_0_0","-",123,"140DF",14,"7/17/2014","DUHi",140,"DF",5,TRUE,14,4.9416424226093,"DF",-1,5.02437034718343,14.1749667220835,14.0205393687974,4.97721543017618,14.0869431307104,14.0568626882778,13.6944590955125,14.4072631860635,"001",14.0327407437319,14.1559448736792,"140DF"
"67",67,"shh_14.0_22_141_DAA","DUHi",50,14,141,14.138,"7/17/2014","DAA",2,0,0,0,0,0,"2_0_0_0","123_2_0_0_0","Y",123,"141DAA",14,"5/12/2014","DUHi",141,"DAA",2,TRUE,14,4.94875989037817,"DAA",-1,5.02727383910987,14.1803866401559,14.0338254715892,4.9825208883328,14.0968467740729,14.0661371579712,13.7008981045284,14.4091106539761,"001",14.044654802515,14.1560974751214,"141DAA"
"68",68,"shh_14.0_03_141_DD","DUHi",60,14,141,14.156,"7/17/2014","DD",2,0,0,0,0,1,"2_0_0_1","145_2_0_0_1","Y",145,"141DD",14,"1/20/2014","DUHi",141,"DD",2,TRUE,14,4.94875989037817,"DD",-1,5.19004842660187,14.4842362635815,14.0338254715892,5.05251396095436,14.2275021121459,14.1355018032706,13.7739116424515,14.4768317782307,"001",14.0617011650884,14.4246365505824,"141DD"
"69",69,"shh_14.0_08_141_FJ","FVB",372,14,141,14.155,"05/12/14","FJ",0,0,0,0,0,1,"0_0_0_1","162_0_0_0_1","Y",162,"141FJ",14,"12/8/2014","FVB",141,"FJ",2,TRUE,14,4.94875989037817,"FJ",-1,5.08643102195246,13.9548568883593,13.6571121058325,5.00795847695511,13.785142362319,13.7184025311469,13.2804246756952,14.125082665199,"001",13.6650459810169,13.9203451526648,"141FJ"
"70",70,"shh_14.0_23_142_DAA","DUHi",51,14,142,14.431,"1/20/2014","DAA",2,0,0,0,0,0,"2_0_0_0","123_2_0_0_0","-",123,"142DAA",14,"5/12/2014","DUHi",142,"DAA",2,TRUE,14,4.95582705760126,"DAA",-1,5.03434100633297,14.193578847444,14.0470176788773,4.98958805555589,14.1100389813609,14.0793815929663,13.7142015872632,14.4215006844717,"001",14.0577268780823,14.1692983489622,"142DAA"
"71",71,"shh_14.0_20_142_DU","DUHi",87,14,142,13.932,"12/08/14","DU",0,0,0,0,0,0,"0_0_0_0","097_0_0_0_0","Y",97,"142DU",14,"10/14/2014","DUHi",142,"DU",3,TRUE,14,4.95582705760126,"DU",-1,5.08607474595238,14.2901496791933,14.0470176788773,5.01183356359224,14.1515644390132,14.1042853684289,13.7504829673124,14.4468810370241,"001",14.060408768303,14.2597492703028,"142DU"
"72",72,"shh_14.0_10_143_DF","DUHi",69,14,143,14.169,"05/12/14","DF",2,0,0,0,0,1,"2_0_0_1","145_2_0_0_1","Y",145,"143DF",14,"7/17/2014","DUHi",143,"DF",5,TRUE,14,4.96284463025991,"DF",-1,5.04557255483404,14.2145446617957,14.0601173085095,4.99841763782678,14.1265210704226,14.0964612235995,13.7354565356586,14.4460755262751,"001",14.0723464592944,14.1952462148462,"143DF"
"73",73,"shh_14.0_10_143_DF","DUHi",70,14,143,14.169,"05/12/14","DF",2,0,0,0,0,1,"2_0_0_1","145_2_0_0_1","Y",145,"143DF",14,"7/17/2014","DUHi",143,"DF",5,TRUE,14,4.96284463025991,"DF",-1,5.04557255483404,14.2145446617957,14.0601173085095,4.99841763782678,14.1265210704226,14.0964612235995,13.7354565356586,14.4460755262751,"001",14.0723464592944,14.1952462148462,"143DF"
"74",74,"shh_14.0_07_143_DR","DUHi",74,14,143,14.237,"10/14/2014","DR",2,0,0,0,0,1,"2_0_0_1","145_2_0_0_1","Y",145,"143DR",14,"7/30/2014","DUHi",143,"DR",4,TRUE,14,4.96284463025991,"DR",-1,4.91933782061152,13.9789036010642,14.0601173085095,4.9441367021111,14.025195414308,14.0428214638934,13.6783510121792,14.403852604832,"001",14.0568433774606,13.9911872406398,"143DR"
"75",75,"shh_13.5_03_143_FA","FVB",283,13.5,143,14.202,"7/17/2014","FA",0,0,0,0,0,1,"0_0_0_1","162_0_0_0_1","-",162,"143FA",13.5,"7/17/2014","FVB",143,"FA",5,TRUE,13.5,4.96284463025991,"FA",-1.5,4.95813935225672,13.6773973014673,13.6875735233067,4.96082136071854,13.6831977479158,13.6891312904333,13.2693057656479,14.0897930212839,"001",13.6810631966498,13.6819572719172,"143FA"
"76",76,"shh_14.0_16_144_DR","DUHi",75,14,144,14.188,"7/17/2014","DR",2,0,0,0,0,1,"2_0_0_1","145_2_0_0_1","-",145,"144DR",14,"7/30/2014","DUHi",144,"DR",4,TRUE,14,4.969813299576,"DR",-1,4.92630648992761,13.9919119433374,14.0731256507827,4.95110537142719,14.0382037565812,14.0557668611875,13.6914660082307,14.4165820348619,"001",14.0697635031971,14.0041040561849,"144DR"
"77",77,"shh_14.0_09_148_FJ","FVB",373,14,148,13.98,"7/30/2014","FJ",0,0,0,0,0,1,"0_0_0_1","162_0_0_0_1","Y",162,"148FJ",14,"12/8/2014","FVB",148,"FJ",2,TRUE,14,4.99721227376411,"FJ",-1,5.1348834053384,14.0596460637601,13.7619012812332,5.05641086034106,13.8899315377198,13.8237322917641,13.3895491400623,14.2282076768034,"001",13.7696131212577,14.0247459147053,"148FJ"
"78",78,"shh_15.0_10_151_FAA","FVB",484,15,151,13.655,"7/17/2014","FAA",0,0,0,0,0,1,"0_0_0_1","162_0_0_0_1","-",162,"151FAA",15,"5/27/2015","FVB",151,"FAA",4,TRUE,15,5.01727983681492,"FAA",0,5.13065266420932,14.0504961346282,13.8053018992719,5.06603015259451,13.9107354204751,13.8543112457751,13.4149617706435,14.2653006658399,"001",13.8121717954434,14.0211651614163,"151FAA"
"79",79,"shh_14.0_11_157_DF","DUHi",71,14,157,13.988,"7/30/2014","DF",2,0,0,0,0,1,"2_0_0_1","145_2_0_0_1","Y",145,"157DF",14,"7/17/2014","DUHi",157,"DF",5,TRUE,14,5.05624580534831,"DF",-1,5.13897372992244,14.3888956604091,14.234468307123,5.09181881291518,14.300872069036,14.2697223158138,13.9114663704272,14.6174158498985,"001",14.2462719210794,14.3692749854995,"157DF"
"80",80,"shh_14.0_10_159_FJ","FVB",375,14,159,14.031,"12/08/14","FJ",0,0,0,0,0,1,"0_0_0_1","162_0_0_0_1","-",162,"159FJ",14,"12/8/2014","FVB",159,"FJ",2,TRUE,14,5.06890420222023,"FJ",-1,5.20657533379452,14.214695981655,13.9169511991282,5.12810278879718,14.0449814556147,13.9793858024861,13.5509893119666,14.3806031538824,"001",13.9246239790118,14.1799695421649,"159FJ"
"81",81,"shh_14.0_17_161_DR","DUHi",77,14,161,14.131,"5/27/2015","DR",1,0,0,0,0,1,"1_0_0_1","179_1_0_0_1","Y",179,"161DR",14,"7/30/2014","DUHi",161,"DR",4,TRUE,14,5.08140436498446,"DR",-1,5.03789755533607,14.2002178203447,14.2814315277901,5.06269643683566,14.2465096335886,14.2624510701569,13.904603942905,14.6203345662916,"001",14.2778338495974,14.212248900186,"161DR"
"82",82,"shh_14.5_10_161_FR","FVB",448,14.5,161,14.347,"7/17/2014","FR",1,0,0,0,0,1,"1_0_0_1","179_1_0_0_1","Y",179,"161FR",14.5,"3/4/2015","FVB",161,"FR",4,TRUE,14.5,5.08140436498446,"FR",-0.5,5.21787786854864,14.239140254858,13.9439856122344,5.14008797151706,14.0709021085626,13.9997462439673,13.5750582594033,14.4056637213951,"001",13.9546267605957,14.2071658363808,"161FR"
"83",83,"shh_14.5_14_163_DH","DUHi",122,14.5,163,14.178,"12/08/14","DH",1,0,0,0,0,1,"1_0_0_1","179_1_0_0_1","-",179,"163DH",14.5,"1/22/2014","DUHi",163,"DH",4,TRUE,14.5,5.09375020080676,"DH",-0.5,4.89849575203671,13.9399979292057,14.3044773706534,5.00979078783564,14.1477512108309,14.2217559666086,13.8659885561882,14.5801416844042,"001",14.285464014067,13.986907969257,"163DH"
"84",84,"shh_14.5_11_163_FR","FVB",450,14.5,163,14.19,"7/30/2014","FR",0,0,0,0,0,1,"0_0_0_1","162_0_0_0_1","-",162,"163FR",14.5,"3/4/2015","FVB",163,"FR",4,TRUE,14.5,5.09375020080676,"FR",-0.5,5.23022370437094,14.2658409012462,13.9706862586226,5.15243380733936,14.0976027549507,14.0264470781724,13.6034040314859,14.4315577950722,"001",13.9813875308202,14.233724207529,"163FR"
"85",85,"shh_14.0_01_163-167_FB","FVB",367,14,165,14.251,"03/04/15","FB",0,0,0,0,0,1,"0_0_0_1","162_0_0_0_1","Y",162,"165FB",14,"5/6/2014","FVB",165,"FB",3,TRUE,14,5.10594547390058,"FB",-1,5.0867210741143,13.9554841913884,13.9970612792507,5.09767898199248,13.9791831314699,13.998817804723,13.5823618178414,14.4033685455731,"001",13.9922980742168,13.9567319969983,"165FB"
"86",86,"shh_14.0_03_163-167_FB","FVB",367,14,165,13.989,"1/22/2014","FB",0,0,0,0,0,1,"0_0_0_1","162_0_0_0_1","Y",162,"165FB",14,"5/6/2014","FVB",165,"FB",3,TRUE,14,5.10594547390058,"FB",-1,5.0867210741143,13.9554841913884,13.9970612792507,5.09767898199248,13.9791831314699,13.998817804723,13.5823618178414,14.4033685455731,"001",13.9922980742168,13.9567319969983,"165FB"
"87",87,"shh_14.0_04_163-167_FB","FVB",367,14,165,14.276,"03/04/15","FB",1,0,0,0,0,1,"1_0_0_1","179_1_0_0_1","-",179,"165FB",14,"5/6/2014","FVB",165,"FB",3,TRUE,14,5.10594547390058,"FB",-1,5.0867210741143,13.9554841913884,13.9970612792507,5.09767898199248,13.9791831314699,13.998817804723,13.5823618178414,14.4033685455731,"001",13.9922980742168,13.9567319969983,"165FB"
"88",88,"shh_14.0_08_169_DR","DUHi",78,14,169,13.96,"05/06/14","DR",2,0,0,0,0,1,"2_0_0_1","145_2_0_0_1","Y",145,"169DR",14,"7/30/2014","DUHi",169,"DR",4,TRUE,14,5.12989871492307,"DR",-1,5.08639190527468,14.2907417171897,14.3719554246351,5.11119078677427,14.3370335304336,14.352735286914,13.9956723005621,14.7091446454857,"001",14.3680404373198,14.3029388918437,"169DR"
"89",89,"shh_14.0_24_177_DAA","DUHi",52,14,177,14.273,"7/30/2014","DAA",1,0,0,0,0,1,"1_0_0_1","179_1_0_0_1","Y",179,"177DAA",14,"5/12/2014","DUHi",177,"DAA",2,TRUE,14,5.17614973257383,"DAA",-1,5.25466368130553,14.604852885081,14.4582917165143,5.20991073052846,14.521313018998,14.4889135054155,14.130846176146,14.8289776267146,"001",14.4678446346214,14.5793259771535,"177DAA"
"90",90,"shh_14.5_24_178_DI","DUHi",134,14.5,178,14.558,"05/12/14","DI",1,0,0,0,0,1,"1_0_0_1","179_1_0_0_1","-",179,"178DI",14.5,"3/4/2014","DUHi",178,"DI",3,TRUE,14.5,5.18178355029209,"DI",-0.5,4.95599963485478,14.047339827035,14.4688083052431,5.08469646665404,14.2875768596136,14.369919901744,14.0152172464979,14.7303067672583,"001",14.447042141865,14.1024201541873,"178DI"
"91",91,"shh_14.5_01_178_FC","FVB",405,14.5,178,14.092,"03/04/14","FC",0,1,0,1,0,1,"0_1_1_1","199_0_1_1_1","-",199,"178FC",14.5,"4/23/2014","FVB",178,"FC",4,TRUE,14.5,5.18178355029209,"FC",-0.5,5.21660752850993,14.2363928588409,14.1610781744722,5.19675786092576,14.1934634887507,14.1796824409913,13.766077388625,14.5721945872329,"001",14.1571450475751,14.2327700389615,"178FC"
"92",92,"shh_14.5_28_184_FQ","FVB",442,14.5,184,14.258,"4/23/2014","FQ",0,1,0,1,0,1,"0_1_1_1","199_0_1_1_1","y",199,"184FQ",14.5,"2/26/2015","FVB",184,"FQ",5,TRUE,14.5,5.21493575760899,"FQ",-0.5,5.34288525819314,14.5094968475462,14.2327772783074,5.26995404286017,14.3517666930801,14.2878949941275,13.8781188599984,14.6803275895263,"001",14.2419641438043,14.4699788318933,"184FQ"
"93",93,"shh_14.5_29_185_FQ","FVB",443,14.5,185,14.5,"2/26/2015","FQ",0,1,0,1,0,1,"0_1_1_1","199_0_1_1_1","-",199,"185FQ",14.5,"2/26/2015","FVB",185,"FQ",5,TRUE,14.5,5.22035582507832,"FQ",-0.5,5.34830532566248,14.5212189623533,14.2444993931146,5.27537411032951,14.3634888078872,14.299472491853,13.8902611075199,14.692110804256,"001",14.2537714017569,14.4818095526136,"185FQ"
"94",94,"shh_14.5_21_186_DAD","DUHi",93,14.5,186,14.508,"2/26/2015","DAD",1,0,0,0,0,1,"1_0_0_1","179_1_0_0_1","y",179,"186DAD",14.5,"4/30/2015","DUHi",186,"DAD",5,TRUE,14.5,5.2257466737132,"DAD",-0.5,5.09811990598096,14.3126342536909,14.550873808845,5.17086716358834,14.4484308001287,14.4978615407042,14.1473982107848,14.8562062136095,"001",14.5385079936716,14.3489451824991,"186DAD"
"95",95,"shh_15.0_09_186_DJ","DUHi",162,15,186,14.35,"4/30/2015","DJ",1,1,0,1,0,1,"1_1_1_1","202_1_1_1_1","-",202,"186DJ",15,"1/30/2014","DUHi",186,"DJ",5,TRUE,15,5.2257466737132,"DJ",0,5.33809060217255,14.760585047451,14.550873808845,5.27405456295072,14.6410496414455,14.6003111683663,14.2454287132716,14.9460951392836,"001",14.5628293354332,14.7379839136547,"186DJ"
"96",96,"shh_14.5_30_189_FQ","FVB",445,14.5,189,14.77,"1/30/2014","FQ",0,1,0,1,0,1,"0_1_1_1","199_0_1_1_1","-",199,"189FQ",14.5,"2/26/2015","FVB",189,"FQ",5,TRUE,14.5,5.24174701505964,"FQ",-0.5,5.36969651564379,14.5674822212962,14.2907626520574,5.29676530031083,14.4097520668301,14.3456807041504,13.9378048826932,14.7388601407483,"001",14.3000490033863,14.5280813676853,"189FQ"
"97",97,"shh_14.5_14_190_FZ","FVB",475,14.5,190,14.551,"2/26/2015","FZ",0,2,0,1,0,1,"0_2_1_1","227_0_2_1_1","y",227,"190FZ",14.5,"5/13/2015","FVB",190,"FZ",4,TRUE,14.5,5.24702407216049,"FZ",-0.5,5.26720397750823,14.3458190583016,14.3021754747814,5.25570143146001,14.3209422156951,14.3218846954781,13.9042938507268,14.7159806278167,"001",14.2975328997616,14.3399669796852,"190FZ"
"98",98,"shh_14.5_22_191_DAD","DUHi",94,14.5,191,14.358,"5/13/2015","DAD",1,0,0,0,0,1,"1_0_0_1","179_1_0_0_1","y",179,"191DAD",14.5,"4/30/2015","DUHi",191,"DAD",5,TRUE,14.5,5.25227342804663,"DAD",-0.5,5.12464666031439,14.3621514691182,14.6003910242722,5.19739391792177,14.4979480155559,14.5469617206969,14.1979888270289,14.9060060565287,"001",14.588123946551,14.3981163797521,"191DAD"
"99",99,"shh_14.0_11_195_FP","FVB",428,14,195,14.407,"4/30/2015","FP",0,1,0,1,0,1,"0_1_1_1","199_0_1_1_1","-",199,"195FP",14.5,"2/25/2015","FVB",195,"FP",4,TRUE,14.5,5.27299955856375,"FP",-0.5,5.29494297558144,14.405810879785,14.3583533056871,5.28243522788136,14.3787600625492,14.3723431478372,13.9605169589499,14.7761698704198,"001",14.3539350766361,14.3976698500943,"195FP"
"100",100,"shh_14.0_12_199_FP","FVB",432,14,199,14.406,"2/25/2015","FP",0,1,0,1,0,1,"0_1_1_1","199_0_1_1_1","-",199,"199FP",14.5,"2/25/2015","FVB",199,"FP",4,TRUE,14.5,5.29330482472449,"FP",-0.5,5.31524824174219,14.4497255842553,14.4022680101574,5.3027404940421,14.4226747670195,14.4163806464915,14.0056350752073,14.8207899143852,"001",14.3977432689131,14.4413582789153,"199FP"
"101",101,"shh_15.0_14_203_DAB","DUHi",146,15,203,14.458,"2/25/2015","DAB",1,1,0,1,0,1,"1_1_1_1","202_1_1_1_1","Y",202,"203DAB",15,"10/30/2014","DUHi",203,"DAB",5,TRUE,15,5.31320597904179,"DAB",0,5.47170026572562,15.0099928117841,14.7141331811992,5.38135852231584,14.8413528223507,14.7763115013292,14.4165767510496,15.1313013632013,"001",14.7309580566958,14.9674254661204,"203DAB"
"102",102,"shh_14.5_32_207_FZ","FVB",478,14.5,207,14.974,"10/30/2014","FZ",0,1,0,1,0,1,"0_1_1_1","199_0_1_1_1","y",199,"207FZ",14.5,"5/13/2015","FVB",207,"FZ",4,TRUE,14.5,5.33271879326537,"FZ",-0.5,5.35289869861311,14.5311531643506,14.4875095808304,5.3413961525649,14.5062763217441,14.507598057171,14.0928224583177,14.9028210431793,"001",14.4823543081907,14.5245030829132,"207FZ"
"103",103,"shh_14.5_34_209_FZ","FVB",479,14.5,209,14.54,"5/13/2015","FZ",0,2,0,2,0,1,"0_2_2_1","325_0_2_2_1","-",325,"209FZ",14.5,"5/13/2015","FVB",209,"FZ",4,TRUE,14.5,5.34233425196481,"FZ",-0.5,5.36251415731255,14.5519487561832,14.5083051726631,5.35101161126434,14.5270719135768,14.5284380524311,14.1142432520977,14.9235073617606,"001",14.5030209894727,14.5454183969526,"209FZ"
"104",104,"shh_14.5_36_214_FZ","FVB",481,14.5,214,14.555,"5/13/2015","FZ",0,2,0,2,0,1,"0_2_2_1","325_0_2_2_1","-",325,"214FZ",14.5,"5/13/2015","FVB",214,"FZ",4,TRUE,14.5,5.36597601502185,"FZ",-0.5,5.38615592036959,14.6030793855278,14.5594358020076,5.37465337432138,14.5782025429213,14.5796292109399,14.1652704923887,14.9751417456447,"001",14.5542217624477,14.5965771220403,"214FZ"
"105",105,"shh_14.5_13_215_FP","FVB",436,14.5,215,14.602,"5/13/2015","FP",0,1,0,1,0,1,"0_1_1_1","199_0_1_1_1","-",199,"215FP",14.5,"2/25/2015","FVB",215,"FP",4,TRUE,14.5,5.37063802812766,"FP",-0.5,5.39258144514536,14.6169760278747,14.5695184537768,5.38007369744527,14.5899252106389,14.583894058805,14.1767184674546,14.9883925960309,"001",14.5648889413607,14.6083112642999,"215FP"
"106",106,"shh_14.5_23_217_DAD","DUHi",95,14.5,217,14.623,"2/25/2015","DAD",1,0,0,0,0,1,"1_0_0_1","179_1_0_0_1","-",179,"217DAD",14.5,"4/30/2015","DUHi",217,"DAD",5,TRUE,14.5,5.37989735354046,"DAD",-0.5,5.25227058580822,14.6003857186954,14.8386252738494,5.3250178434156,14.7361822651332,14.7835050799363,14.4392235896955,15.1432606934111,"001",14.8261108476196,14.6357079044334,"217DAD"
"107",107,"shh_14.5_06_218_FZ","FVB",482,14.5,218,14.629,"4/30/2015","FZ",0,2,0,1,0,1,"0_2_1_1","227_0_2_1_1","y",227,"218FZ",14.5,"5/13/2015","FVB",218,"FZ",4,TRUE,14.5,5.38449506278909,"FZ",-0.5,5.40467496813683,14.6431309910242,14.5994874075041,5.39317242208862,14.6182541484177,14.6197626828941,14.2062569987608,15.0153266201139,"001",14.5941985835146,14.6367836627945,"218FZ"
"108",108,"shh_15.0_01_219_DK","DUHi",173,15,219,14.636,"5/13/2015","DK",1,2,0,2,1,1,"1_2_2_1","235_1_2_2_1","Y",235,"219DK",15,"3/13/2014","DUHi",219,"DK",5,TRUE,15,5.3890717298165,"DK",0,5.27864255052449,14.64961398996,14.8557509862815,5.34158718272094,14.7671120778632,14.803076689945,14.4621514284134,15.1524903285128,"001",14.8435003774546,14.678617671243,"219DK"
"109",109,"shh_15.0_06_221_DK","DUHi",174,15,221,14.691,"3/13/2014","DK",1,2,0,2,0,1,"1_2_2_1","235_1_2_2_1","-",235,"221DK",15,"3/13/2014","DUHi",221,"DK",5,TRUE,15,5.39816270151775,"DK",0,5.28773352222574,14.6665840119429,14.8727210082644,5.35067815442219,14.7840820998462,14.8200306538287,14.4790705430984,15.1695588601704,"001",14.8604144250927,14.6953988049531,"221DK"
"110",110,"shh_14.5_08_221_FL","FVB",418,14.5,221,14.701,"3/13/2014","FL",0,2,0,2,0,1,"0_2_2_1","325_0_2_2_1","Y",325,"221FL",14.5,"12/11/2014","FVB",221,"FL",5,TRUE,14.5,5.39816270151775,"FL",-0.5,5.40269400122337,14.6388467045794,14.629046749934,5.40011116039117,14.6332607304315,14.638639396884,14.2278381783004,15.0343839176771,"001",14.6242325644258,14.6397977066538,"221FL"
"111",111,"shh_14.5_28_223_DAF","DUHi",102,14.5,223,14.638,"12/11/14","DAF",1,1,0,1,0,1,"1_1_1_1","202_1_1_1_1","-",202,"223DAF",14.5,"10/29/2015","DUHi",223,"DAF",5,TRUE,14.5,5.40717177146012,"DAF",-0.5,5.21831886916724,14.5370084036307,14.8895381450889,5.32596502347418,14.7379503562619,14.8091995161458,14.4706155858533,15.1711061688019,"001",14.8696105041857,14.5803144251259,"223DAF"
"112",112,"shh_14.5_02_228_DG","DUHi",115,14.5,228,14.548,"10/29/2015","DG",1,2,0,2,0,1,"1_2_2_1","235_1_2_2_1","-",235,"228DG",14.5,"12/17/2013","DUHi",228,"DG",3,TRUE,14.5,5.42934562895444,"DG",-0.5,5.19480158258798,14.4931089302472,14.9309298534222,5.32849168901686,14.742666856457,14.8301071737391,14.4855667370355,15.1903958278311,"001",14.9057195537137,14.5465900192216,"228DG"
"113",113,"shh_15.0_11_229_FAA","FVB",485,15,229,14.515,"12/17/2013","FAA",0,2,0,1,0,1,"0_2_1_1","227_0_2_1_1","-",227,"229FAA",15,"5/27/2015","FVB",229,"FAA",4,TRUE,15,5.43372200355424,"FAA",0,5.54709483094864,14.9511459727818,14.7059517374255,5.48247231933383,14.8113852586287,14.7576334250397,14.348178707418,15.1590775444831,"001",14.7111691780651,14.9232661199584,"229FAA"
"114",114,"shh_14.5_25_236_DAF","DUHi",108,14.5,236,14.951,"5/27/2015","DAF",1,1,0,1,0,1,"1_1_1_1","202_1_1_1_1","-",202,"236DAF",14.5,"10/29/2015","DUHi",236,"DAF",5,TRUE,14.5,5.46383180502561,"DAF",-0.5,5.27497890273274,14.6427750968683,14.9953048383266,5.38262505703967,14.8437170494996,14.9143643143192,14.5757800932269,15.2761576017109,"001",14.9747378641594,14.6856381006898,"236DAF"
"115",115,"shh_14.0_27_237_DG","DUHi",116,14,237,14.657,"10/29/2015","DG",1,1,0,1,0,1,"1_1_1_1","202_1_1_1_1","y",202,"237DG",14.5,"12/17/2013","DUHi",237,"DG",3,TRUE,14.5,5.46806014113513,"DG",-0.5,5.23351609476867,14.5653769060318,15.0031978292068,5.36720620119755,14.8149348322415,14.9021389280104,14.5573080596302,15.2631923891918,"001",14.9781145024339,14.6186841119444,"237DG"
"116",116,"shh_14.5_10_238_DI","DUHi",137,14.5,238,14.585,"12/17/2013","DI",1,1,0,1,0,1,"1_1_1_1","202_1_1_1_1","-",202,"238DI",14.5,"3/4/2014","DUHi",238,"DI",3,TRUE,14.5,5.47227067367148,"DI",-0.5,5.24648675823417,14.5895891081347,15.0110575863427,5.37518359003343,14.8298261407132,14.909217203229,14.5637077692319,15.2705959160907,"001",14.9879106149504,14.6416831686092,"238DI"
"117",117,"shh_15.0_13_241_FAA","FVB",487,15,241,14.614,"03/04/14","FAA",0,2,0,2,0,1,"0_2_2_1","325_0_2_2_1","-",325,"241FAA",15,"5/27/2015","FVB",241,"FAA",4,TRUE,15,5.48479693349065,"FAA",0,5.59816976088505,15.0616069948755,14.8164127595192,5.53354724927024,14.9218462807224,14.8683366593239,14.4610137072215,15.2713637144757,"001",14.8215659401066,15.0337342430857,"241FAA"
"118",118,"shh_15.5_06_244_DV","DUHi",223,15.5,244,15.054,"5/27/2015","DV",1,2,0,2,0,1,"1_2_2_1","235_1_2_2_1","y",235,"244DV",15.5,"10/23/2014","DUHi",244,"DV",5,TRUE,15.5,5.4971682252932,"DV",0.5,5.41299987478808,14.9004174047373,15.0575335860736,5.460975834576,14.989973628099,15.0149411064276,14.6753101393313,15.3673701173918,"001",15.0485514840825,14.9237188074919,"244DV"
"119",119,"shh_15.0_05_245_DJ","DUHi",169,15,245,14.969,"10/23/2014","DJ",0,2,0,1,0,1,"0_2_1_1","227_0_2_1_1","-",227,"245DJ",15,"1/30/2014","DUHi",245,"DJ",5,TRUE,15,5.50125821054473,"DJ",0,5.61360213900408,15.2748795574573,15.0651683188513,5.54956609978225,15.1553441514519,15.1114259157501,14.7607174567117,15.4625605000249,"001",15.0763617979076,15.2510873399837,"245DJ"
"120",120,"shh_16.5_01_246_DW","DUHi",241,16.5,246,15.266,"1/30/2014","DW",1,2,0,2,0,1,"1_2_2_1","235_1_2_2_1","Y",235,"246DW",16.5,"9/25/2014","DUHi",246,"DW",5,TRUE,16.5,5.50533153593236,"DW",1.5,6.03762547290469,16.0663994888822,15.0727719528349,5.73421792883046,15.5000317933352,15.2891709359239,14.9197506061975,15.6617657703709,"001",15.1290155317227,15.9247867557462,"246DW"
"121",121,"shh_14.5_09_246_FL","FVB",420,14.5,246,15.987,"9/25/2014","FL",0,2,0,2,0,1,"0_2_2_1","325_0_2_2_1","Y",325,"246FL",14.5,"12/11/2014","FVB",246,"FL",5,TRUE,14.5,5.50533153593236,"FL",-0.5,5.50986283563798,14.8706234099174,14.860823455272,5.50727999480578,14.8650374357695,14.8708370797207,14.4614521332709,15.2688674505415,"001",14.8557139536992,14.8707335373545,"246FL"
"122",122,"shh_15.0_14_248_FAA","FVB",488,15,248,14.857,"12/11/14","FAA",0,2,0,2,1,1,"0_2_2_1","325_0_2_2_1","y",325,"248FAA",15,"5/27/2015","FVB",248,"FAA",4,TRUE,15,5.51342874616498,"FAA",0,5.62680157355938,15.1235297287166,14.8783354933602,5.56217906194457,14.9837690145635,14.930565101484,14.5235861403241,15.334194914178,"001",14.8832680393516,15.095379844331,"248FAA"
"123",123,"shh_15.0_15_249_FAA","FVB",489,15,249,15.103,"5/27/2015","FAA",0,2,0,2,1,1,"0_2_2_1","325_0_2_2_1","y",325,"249FAA",15,"5/27/2015","FVB",249,"FAA",4,TRUE,15,5.51745289646471,"FAA",0,5.6308257238591,15.1322328587203,14.8870386233639,5.5662032122443,14.9924721445672,14.9393135668406,14.5324218790377,15.3431311081012,"001",14.8919990107659,15.103910052717,"249FAA"
"124",124,"shh_15.0_05_256_FD","FVB",530,15,256,15.117,"5/27/2015","FD",0,2,0,2,1,1,"0_2_2_1","325_0_2_2_1","-",325,"256FD",15,"7/24/2014","FVB",256,"FD",5,TRUE,15,5.54517744447956,"FD",0,5.50593111588365,14.8621201817546,14.9469991933465,5.52830152318332,14.910501218362,14.9335710539563,14.5313503011266,15.3255567685555,"001",14.9339637442606,14.8694257438098,"256FD"
"125",125,"shh_15.5_18_257_DAC","DUHi",189,15.5,257,14.901,"7/24/2014","DAC",0,2,0,2,1,1,"0_2_2_1","325_0_2_2_1","y",325,"257DAC",15.5,"4/29/2015","DUHi",257,"DAC",4,TRUE,15.5,5.54907608489522,"DAC",0.5,5.43236034325986,14.9365573891485,15.154429445777,5.49888831599201,15.0607444614268,15.1014512747626,14.7552742962814,15.4502420981348,"001",15.1419936282521,14.9688018591405,"257DAC"
"126",126,"shh_15.0_16_257_FAA","FVB",490,15,257,15.022,"4/29/2015","FAA",0,2,0,2,1,1,"0_2_2_1","325_0_2_2_1","-",325,"257FAA",15,"5/27/2015","FVB",257,"FAA",4,TRUE,15,5.54907608489522,"FAA",0,5.66244891228962,15.2006251153566,14.9554308800003,5.59782640067481,15.0608644012035,15.0082968104427,14.6011118833177,15.412382754594,"001",14.9603165867793,15.1719320599781,"257FAA"
"127",127,"shh_15.0_17_258_FAA","FVB",491,15,258,15.184,"5/27/2015","FAA",0,2,0,2,1,1,"0_2_2_1","325_0_2_2_1","-",325,"258FAA",15,"5/27/2015","FVB",258,"FAA",4,TRUE,15,5.55295958492162,"FAA",0,5.66633241231601,15.2090240575138,14.9638298221575,5.60170990070121,15.0692633433607,15.0167637071907,14.6099189056384,15.4211690503897,"001",14.9687989347802,15.1802740700026,"258FAA"
"128",128,"shh_15.0_06_259_FD","FVB",531,15,259,15.172,"5/27/2015","FD",0,2,0,2,1,1,"0_2_2_1","325_0_2_2_1","Y",325,"259FD",15,"7/24/2014","FVB",259,"FD",5,TRUE,15,5.55682806169954,"FD",0,5.51758173310363,14.8873172615693,14.9721962731612,5.5399521404033,14.9356982981767,14.9587667389082,14.5565388838269,15.3505832324066,"001",14.9592677865409,14.8944425132931,"259FD"
"129",129,"shh_15.0_06_259_FD","FVB",532,15,259,15.172,"5/27/2015","FD",0,2,0,2,1,1,"0_2_2_1","325_0_2_2_1","Y",325,"259FD",15,"7/24/2014","FVB",259,"FD",5,TRUE,15,5.55682806169954,"FD",0,5.51758173310363,14.8873172615693,14.9721962731612,5.5399521404033,14.9356982981767,14.9587667389082,14.5565388838269,15.3505832324066,"001",14.9592677865409,14.8944425132931,"259FD"
"130",130,"shh_15.0_08_259_FD","FVB",531,15,259,14.909,"7/24/2014","FD",0,2,0,2,0,1,"0_2_2_1","325_0_2_2_1","y",325,"259FD",15,"7/24/2014","FVB",259,"FD",5,TRUE,15,5.55682806169954,"FD",0,5.51758173310363,14.8873172615693,14.9721962731612,5.5399521404033,14.9356982981767,14.9587667389082,14.5565388838269,15.3505832324066,"001",14.9592677865409,14.8944425132931,"259FD"
"131",131,"shh_15.0_08_259_FD","FVB",532,15,259,14.909,"7/24/2014","FD",0,2,0,2,0,1,"0_2_2_1","325_0_2_2_1","y",325,"259FD",15,"7/24/2014","FVB",259,"FD",5,TRUE,15,5.55682806169954,"FD",0,5.51758173310363,14.8873172615693,14.9721962731612,5.5399521404033,14.9356982981767,14.9587667389082,14.5565388838269,15.3505832324066,"001",14.9592677865409,14.8944425132931,"259FD"
"132",132,"shh_15.0_11_262_DK","DUHi",176,15,262,14.918,"7/24/2014","DK",0,2,0,2,1,1,"0_2_2_1","325_0_2_2_1","-",325,"262DK",15,"3/13/2014","DUHi",262,"DK",5,TRUE,15,5.5683445037611,"DK",0,5.45791532446908,14.9842606058281,15.1903976021497,5.52085995666553,15.1017586937314,15.1356046664669,14.7978200488322,15.4900936984556,"001",15.1775715109303,15.0125863456176,"262DK"
"133",133,"shh_14.5_11_263_DI","DUHi",142,14.5,263,15.004,"3/13/2014","DI",0,2,0,2,0,1,"0_2_2_1","325_0_2_2_1","Y",325,"263DI",14.5,"3/4/2014","DUHi",263,"DI",3,TRUE,14.5,5.57215403217776,"DI",-0.5,5.34637011674046,14.7760403308731,15.1975088090811,5.47506694853972,15.0162773634517,15.0940949046822,14.7512991299122,15.458434794126,"001",15.1740595706277,14.8271008611318,"263DI"
"134",134,"shh_15.0_02_265_DK","DUHi",177,15,265,14.785,"03/04/14","DK",0,2,0,2,1,1,"0_2_2_1","325_0_2_2_1","Y",325,"265DK",15,"3/13/2014","DUHi",265,"DK",5,TRUE,15,5.57972982598622,"DK",0,5.46930064669421,15.0055134679855,15.211650464307,5.53224527889066,15.1230115558887,15.1565141339173,14.8190779674418,15.5118683656832,"001",15.1987892875997,15.0338293295489,"265DK"
"135",135,"shh_16.5_02_271_DW","DUHi",242,16.5,271,15.018,"3/13/2014","DW",0,2,0,2,0,1,"0_2_2_1","325_0_2_2_1","-",325,"271DW",16.5,"9/25/2014","DUHi",271,"DW",5,TRUE,16.5,5.6021188208797,"DW",1.5,6.13441275785203,16.247071303425,15.2534437673777,5.8310052137778,15.6807036078781,15.4687541682157,15.0977330260082,15.8462166352106,"001",15.3088827530566,16.1052726666302,"271DW"
"136",136,"shh_15.0_03_273_FD","FVB",533,15,273,16.159,"9/25/2014","FD",0,2,0,2,0,1,"0_2_2_1","325_0_2_2_1","y",325,"273FD",15,"7/24/2014","FVB",273,"FD",5,TRUE,15,5.60947179518496,"FD",0,5.57022546658905,15.0011711741418,15.0860501857338,5.59259587388872,15.0495522107492,15.0731823510475,14.6713144273539,15.4662775986996,"001",15.0730374179898,15.0080743005174,"273FD"
"137",137,"shh_15.0_15_285_DK","DUHi",179,15,285,15.026,"7/24/2014","DK",0,2,0,2,0,1,"0_2_2_1","325_0_2_2_1","Y",325,"285DK",15,"3/13/2014","DUHi",285,"DK",5,TRUE,15,5.65248918026865,"DK",0,5.54206000097664,15.1413325951603,15.3474695914819,5.60500463317309,15.2588306830636,15.2915257302922,14.9538383281252,15.6504162121742,"001",15.334453719069,15.1693059784547,"285DK"
"138",138,"shh_15.0_07_285_FD","FVB",535,15,285,15.141,"3/13/2014","FD",0,2,0,2,1,1,"0_2_2_1","325_0_2_2_1","Y",325,"285FD",15,"7/24/2014","FVB",285,"FD",5,TRUE,15,5.65248918026865,"FD",0,5.61324285167274,15.0942059434515,15.1790849550434,5.63561325897241,15.1425869800589,15.1659197646251,14.7666206919381,15.562071445991,"001",15.1659952731438,15.1006848319176,"285FD"
"139",139,"shh_15.0_07_285_FD","FVB",536,15,285,15.141,"3/13/2014","FD",0,2,0,2,1,1,"0_2_2_1","325_0_2_2_1","Y",325,"285FD",15,"7/24/2014","FVB",285,"FD",5,TRUE,15,5.65248918026865,"FD",0,5.61324285167274,15.0942059434515,15.1790849550434,5.63561325897241,15.1425869800589,15.1659197646251,14.7666206919381,15.562071445991,"001",15.1659952731438,15.1006848319176,"285FD"
"140",140,"shh_15.5_07_290_DV","DUHi",224,15.5,290,15.105,"7/24/2014","DV",0,2,0,2,0,1,"0_2_2_1","325_0_2_2_1","y",325,"290DV",15.5,"10/23/2014","DUHi",290,"DV",5,TRUE,15.5,5.66988092298052,"DV",0.5,5.5857125724754,15.2228183947303,15.3799345760666,5.63368853226332,15.312374618092,15.3356298371534,14.9980896160235,15.6936384995725,"001",15.3711392133195,15.2444787467579,"290DV"
"141",141,"shh_14.5_26_290_FW","FVB",464,14.5,290,15.108,"7/24/2014","FW",0,2,0,2,1,1,"0_2_2_1","325_0_2_2_1","y",325,"290FW",14.5,"5/12/2015","FVB",290,"FW",3,TRUE,14.5,5.66988092298052,"FW",-0.5,5.23334190023711,14.2725847010496,15.216698509841,5.48216914320086,14.8107295720607,15.0289683303259,14.633788798435,15.4481464418879,"001",15.1625759777125,14.393810686086,"290FW"
"142",142,"shh_15.0_12_293_DK","DUHi",180,15,293,15.265,"10/23/2014","DK",0,2,0,2,1,1,"0_2_2_1","325_0_2_2_1","Y",325,"293DK",15,"3/13/2014","DUHi",293,"DK",5,TRUE,15,5.68017260901707,"DK",0,5.56974342972506,15.1930089626446,15.3991459589661,5.6326880619215,15.3105070505479,15.342839793322,15.0051419968353,15.7029440944776,"001",15.3862193328448,15.2209106763868,"293DK"
"143",143,"shh_15.0_03_294_DK","DUHi",181,15,294,14.353,"05/12/15","DK",0,2,0,2,1,1,"0_2_2_1","325_0_2_2_1","Y",325,"294DK",15,"3/13/2014","DUHi",294,"DK",5,TRUE,15,5.68357976733868,"DK",0,5.57315058804667,15.1993690695195,15.4055060658411,5.63609522024312,15.3168671574228,15.3490459470138,15.0112238113696,15.7091943597936,"001",15.3925807063653,15.2272980785499,"294DK"
"144",144,"shh_15.0_08_294_DK","DUHi",181,15,294,15.194,"3/13/2014","DK",0,2,0,2,0,1,"0_2_2_1","325_0_2_2_1","-",325,"294DK",15,"3/13/2014","DUHi",294,"DK",5,TRUE,15,5.68357976733868,"DK",0,5.57315058804667,15.1993690695195,15.4055060658411,5.63609522024312,15.3168671574228,15.3490459470138,15.0112238113696,15.7091943597936,"001",15.3925807063653,15.2272980785499,"294DK"
"145",145,"shh_14.5_16_310_FW","FVB",465,14.5,310,15.204,"3/13/2014","FW",0,2,0,2,1,1,"0_2_2_1","325_0_2_2_1","-",325,"310FW",14.5,"5/12/2015","FVB",310,"FW",3,TRUE,14.5,5.73657229747919,"FW",-0.5,5.30003327473579,14.4168197964502,15.3609336052416,5.54886051769953,14.9549646674613,15.1729295169137,14.7771752491215,15.5975387879994,"001",15.3071180241766,14.5373752688276,"310FW"
"146",146,"shh_14.5_17_325_FW","FVB",468,14.5,325,14.492,"05/12/15","FW",0,2,0,2,1,1,"0_2_2_1","325_0_2_2_1","-",325,"325FW",14.5,"5/12/2015","FVB",325,"FW",3,TRUE,14.5,5.78382518232974,"FW",-0.5,5.34728615958633,14.5190147865161,15.4631285953074,5.59611340255007,15.0571596575272,15.2751685646648,14.8809429881185,15.7037546020529,"001",15.4092738657554,14.6391327880481,"325FW"
"147",147,"shh_14.5_20_332_FS","FVB",456,14.5,332,14.585,"05/12/15","FS",0,2,0,2,1,1,"0_2_2_1","325_0_2_2_1","y",325,"332FS",14.5,"4/28/2015","FVB",332,"FS",3,TRUE,14.5,5.80513496891649,"FS",-0.5,5.28880165410678,14.3925288909904,15.509215801103,5.58311164354831,15.0290404297546,15.2852971566179,14.8784496801299,15.7253821069952,"001",15.4459976468764,14.5333078759921,"332FS"
"148",148,"shh_15.5_11_340_DV","DUHi",226,15.5,340,14.5,"4/28/2015","DV",0,2,0,2,1,1,"0_2_2_1","325_0_2_2_1","-",325,"340DV",15.5,"10/23/2014","DUHi",340,"DV",5,TRUE,15.5,5.82894561761021,"DV",0.5,5.74477726710509,15.5197427998738,15.6768589812101,5.79275322689301,15.6092990232355,15.6304727381918,15.2912675749115,15.9973761301206,"001",15.6676757066188,15.5398727887036,"340DV"
"149",149,"shh_14.5_18_340_FW","FVB",471,14.5,340,15.546,"10/23/2014","FW",0,2,0,2,1,1,"0_2_2_1","325_0_2_2_1","-",325,"340FW",14.5,"5/12/2015","FVB",340,"FW",3,TRUE,14.5,5.82894561761021,"FW",-0.5,5.3924065948668,14.6165978748257,15.5607116836171,5.64123383783054,15.1547427458368,15.3723629820861,14.9773870713766,15.8051388373923,"001",15.5068227885036,14.7365605278768,"340FW"
"150",150,"shh_14.5_21_344_FS","FVB",458,14.5,344,14.676,"05/12/15","FS",0,2,0,2,1,1,"0_2_2_1","325_0_2_2_1","y",325,"344FS",14.5,"4/28/2015","FVB",344,"FS",3,TRUE,14.5,5.8406416573734,"FS",-0.5,5.32430834256369,14.469320089784,15.5860069998965,5.61861833200522,15.1058316285481,15.3627542785584,14.9539086983479,15.8053998010591,"001",15.5229266711074,14.6102162251529,"344FS"
"151",151,"shh_14.5_19_349_FW","FVB",473,14.5,349,14.559,"4/28/2015","FW",0,2,0,2,2,1,"0_2_2_1","325_0_2_2_1","-",325,"349FW",14.5,"5/12/2015","FVB",349,"FW",3,TRUE,14.5,5.85507192220243,"FW",-0.5,5.41853289945902,14.6731018839821,15.6172156927734,5.66736014242276,15.2112467549931,15.4287772431978,15.0329618834179,15.8632500820992,"001",15.5632195029274,14.7928213486695,"349FW"
"152",152,"shh_15.5_17_353_DAC","DUHi",190,15.5,353,14.73,"05/12/15","DAC",0,2,0,2,1,1,"0_2_2_1","325_0_2_2_1","y",325,"353DAC",15.5,"4/29/2015","DUHi",353,"DAC",4,TRUE,15.5,5.8664680569333,"DAC",0.5,5.74975231529794,15.5290296704057,15.7469017270343,5.81628028803009,15.653216742684,15.6900466565942,15.3415073871012,16.0529991765598,"001",15.732596322811,15.5578033948594,"353DAC"
"153",153,"shh_14.5_22_353_FS","FVB",459,14.5,353,15.568,"4/29/2015","FS",0,2,0,2,2,1,"0_2_2_1","325_0_2_2_1","y",325,"353FS",14.5,"4/28/2015","FVB",353,"FS",3,TRUE,14.5,5.8664680569333,"FS",-0.5,5.35013474212359,14.5251754868631,15.6418623969756,5.64444473156512,15.1616870256272,15.4189206566058,15.0098371016821,15.8630935808182,"001",15.578559591534,14.6656378771984,"353FS"
"154",154,"shh_15.5_12_355_DV","DUHi",227,15.5,355,14.616,"4/28/2015","DV",0,2,0,2,1,1,"0_2_2_1","325_0_2_2_1","-",325,"355DV",15.5,"10/23/2014","DUHi",355,"DV",5,TRUE,15.5,5.87211778947542,"DV",0.5,5.7879494389703,15.6003318424623,15.7574480237986,5.83592539875821,15.689888065824,15.7103253400738,15.3719816301383,16.0813913554398,"001",15.7482975923344,15.6204291725731,"355DV"
"155",155,"shh_15.5_01_359_DN","DUHi",209,15.5,359,15.621,"10/23/2014","DN",0,2,0,2,0,1,"0_2_2_1","325_0_2_2_1","-",325,"359DN",15.5,"3/12/2014","DUHi",359,"DN",4,TRUE,15.5,5.88332238848828,"DN",0.5,5.65857116392765,15.3588227668942,15.778363531822,5.78667936192721,15.597961002903,15.68070650362,15.3324813304552,16.059471746511,"001",15.7516056907717,15.4096226969972,"359DN"
"156",156,"shh_14.5_24_359_FS","FVB",461,14.5,359,15.402,"03/12/14","FS",0,2,0,2,2,1,"0_2_2_1","325_0_2_2_1","y",325,"359FS",14.5,"4/28/2015","FVB",359,"FS",3,TRUE,14.5,5.88332238848828,"FS",-0.5,5.36698907367857,14.5616267691769,15.6783136792894,5.6612990631201,15.198138307941,15.4555943805263,15.0462197688721,15.9015093048798,"001",15.6149400748641,14.701906303621,"359FS"
"157",157,"shh_15.5_08_363_DV","DUHi",229,15.5,363,14.647,"4/28/2015","DV",0,2,0,2,1,1,"0_2_2_1","325_0_2_2_1","Y",325,"363DV",15.5,"10/23/2014","DUHi",363,"DV",5,TRUE,15.5,5.89440283426485,"DV",0.5,5.81023448375973,15.6419311029588,15.7990472842951,5.85821044354765,15.7314873263205,15.7516387836274,15.412198650566,16.1246855373034,"001",15.78996508446,15.6618953097931,"363DV"
"158",158,"shh_15.5_13_369_DU","DUHi",221,15.5,369,15.66,"10/23/2014","DU",0,2,0,2,1,1,"0_2_2_1","325_0_2_2_1","-",325,"369DU",15.5,"9/24/2014","DUHi",369,"DU",4,TRUE,15.5,5.91079664404053,"DU",0.5,6.04104433239165,16.0727814382004,15.8296494378843,5.96680315003151,15.9341961980202,15.8764943882493,15.5213214316539,16.2605343326674,"001",15.841435916794,16.0345317173601,"369DU"
"159",159,"shh_15.5_14_371_DU","DUHi",222,15.5,371,16.111,"9/24/2014","DU",0,2,0,2,2,1,"0_2_2_1","325_0_2_2_1","-",325,"371DU",15.5,"9/24/2014","DUHi",371,"DU",4,TRUE,15.5,5.91620206260743,"DU",0.5,6.04644975095856,16.0828716766173,15.8397396763013,5.97220856859842,15.9442864364372,15.8865280096579,15.531082971242,16.2712842668072,"001",15.851578063856,16.0446577149218,"371DU"
"160",160,"shh_14.5_25_373_FS","FVB",463,14.5,373,16.123,"9/24/2014","FS",0,2,0,2,2,1,"0_2_2_1","325_0_2_2_1","-",325,"373FS",14.5,"4/28/2015","FVB",373,"FS",3,TRUE,14.5,5.92157841964382,"FS",-0.5,5.40524510483411,14.6443640398486,15.7610509499611,5.69955509427564,15.2808755786128,15.5385906557578,15.1279715315118,15.9885840387483,"001",15.6975810632011,14.7845741378683,"373FS"
"161",161,"shh_15.5_15_399_DN","DUHi",212,15.5,399,14.721,"4/28/2015","DN",0,2,0,2,2,1,"0_2_2_1","325_0_2_2_1","Y",325,"399DN",15.5,"3/12/2014","DUHi",399,"DN",4,TRUE,15.5,5.98896141688986,"DN",0.5,5.76421019232924,15.5560180385483,15.9755588034761,5.8923183903288,15.7951562745572,15.8769098456104,15.5268523109705,16.2621024300275,"001",15.9480987932925,15.6060413072042,"399DN"
"162",162,"shh_16.0_04_424_DO","DUHi",235,16,424,15.583,"03/12/14","DO",0,2,1,2,2,1,"0_2_2_1","325_0_2_2_1","-",325,"424DO",16,"3/20/2014","DUHi",424,"DO",5,TRUE,16,6.04973345523196,"DO",1,5.98693028134976,15.9717673039644,16.0890013331091,6.02272809046261,16.0385907005769,16.0585753685697,15.6955532358393,16.4325957667736,"001",16.0835963305044,15.984927638205,"424DO"
"163",163,"shh_15.5_02_426_DN","DUHi",214,15.5,426,15.991,"3/20/2014","DN",0,2,0,2,1,1,"0_2_2_1","325_0_2_2_1","-",325,"426DN",15.5,"3/12/2014","DUHi",426,"DN",4,TRUE,15.5,6.05443934626937,"DN",0.5,5.82968812170875,15.6782450058606,16.0977857707884,5.9577963197083,15.9173832418694,15.9985050518057,15.645888513252,16.3893139563093,"001",16.0704042869631,15.7280232374226,"426DN"
"164",164,"shh_15.5_16_427_DN","DUHi",215,15.5,427,15.694,"03/12/14","DN",0,2,0,2,2,1,"0_2_2_1","325_0_2_2_1","y",325,"427DN",15.5,"3/12/2014","DUHi",427,"DN",4,TRUE,15.5,6.05678401322862,"DN",0.5,5.832032788668,15.6826217711997,16.1021625361275,5.96014098666756,15.9217600072086,16.0028110136868,15.6500537710875,16.3938157091451,"001",16.0748129370335,15.7324448546805,"427DN"
"165",165,"shh_15.5_16_427_DN","DUHi",216,15.5,427,15.694,"03/12/14","DN",0,2,0,2,2,1,"0_2_2_1","325_0_2_2_1","y",325,"427DN",15.5,"3/12/2014","DUHi",427,"DN",4,TRUE,15.5,6.05678401322862,"DN",0.5,5.832032788668,15.6826217711997,16.1021625361275,5.96014098666756,15.9217600072086,16.0028110136868,15.6500537710875,16.3938157091451,"001",16.0748129370335,15.7324448546805,"427DN"
"166",166,"shh_15.5_03_442_DN","DUHi",218,15.5,442,15.693,"03/12/14","DN",0,2,0,2,1,1,"0_2_2_1","325_0_2_2_1","-",325,"442DN",15.5,"3/12/2014","DUHi",442,"DN",4,TRUE,15.5,6.0913098820777,"DN",0.5,5.86655865751707,15.7470708501983,16.1666116151261,5.99466685551663,15.9862090862072,16.066460675715,15.7127959288168,16.4598879902119,"001",16.1391119020036,15.7966321208435,"442DN"
"167",167,"shh_16.0_07_452_DO","DUHi",236,16,452,15.691,"03/12/14","DO",0,2,0,2,2,1,"0_2_2_1","325_0_2_2_1","-",325,"452DO",16,"3/20/2014","DUHi",452,"DO",5,TRUE,16,6.11368217983223,"DO",1,6.05087900595004,16.0911397206772,16.2083737498218,6.08667681506289,16.1579631172896,16.1775000211026,15.8118672359302,16.5562745375882,"001",16.2029461063521,16.1034638404015,"452DO"
"168",168,"shh_16.0_01_455_DO","DUHi",237,16,455,15.751,"03/12/14","DO",0,2,0,2,2,1,"0_2_2_1","325_0_2_2_1","Y",325,"455DO",16,"3/20/2014","DUHi",455,"DO",5,TRUE,16,6.12029741895095,"DO",1,6.05749424506875,16.1034883184901,16.2207223476347,6.09329205418161,16.1703117151025,16.1898510725467,15.8238143423301,16.5691304735832,"001",16.2152278327364,16.1158311361133,"455DO"
"169",169,"shh_15.5_09_457_DV","DUHi",230,15.5,457,16.102,"3/20/2014","DV",0,2,0,2,2,1,"0_2_2_1","325_0_2_2_1","-",325,"457DV",15.5,"10/23/2014","DUHi",457,"DV",5,TRUE,15.5,6.12468339089421,"DV",0.5,6.04051504038909,16.0717934143439,16.2289095956803,6.088491000177,16.1613496377056,16.1793109119405,15.8281534491403,16.569390044082,"001",16.2201206450666,16.0904050459822,"457DV"
"170",170,"shh_16.0_05_476_DO","DUHi",238,16,476,16.113,"3/20/2014","DO",0,2,1,2,2,1,"0_2_2_1","325_0_2_2_1","Y",325,"476DO",16,"3/20/2014","DUHi",476,"DO",5,TRUE,16,6.16541785423142,"DO",1,6.10261468034922,16.1877141640598,16.3049481932044,6.13841248946208,16.2545375606722,16.2734730017753,15.9048271748478,16.6564719518428,"001",16.2992855670838,16.1995948591604,"476DO"
"171",171,"shh_16.0_06_481_DO","DUHi",239,16,481,16.06,"10/23/2014","DO",0,2,1,2,2,1,"0_2_2_1","325_0_2_2_1","-",325,"481DO",16,"3/20/2014","DUHi",481,"DO",5,TRUE,16,6.17586727010576,"DO",1,6.11306409622357,16.2072199796011,16.3244540087457,6.14886190533642,16.2740433762135,16.2928237328352,15.9235462629761,16.6767740449215,"001",16.3186555872665,16.219021923649,"481DO"
"172",172,"shh_15.5_05_483_DM","DUHi",206,15.5,483,16.196,"3/20/2014","DM",0,2,0,2,2,1,"0_2_2_1","325_0_2_2_1","Y",325,"483DM",15.5,"3/5/2014","DUHi",483,"DM",4,TRUE,15.5,6.18001665365257,"DM",0.5,5.83096000790682,15.6806192225506,16.3321996197012,6.0299222959819,16.0520200489264,16.1792413642875,15.8284438954545,16.5704844626155,"001",16.2943601651065,15.7646552414199,"483DM"
"173",173,"shh_13.5_05_67_DQ","DUHi",28,13.5,67,13.032,"3/20/2014","DQ",0,0,0,0,0,0,"0_0_0_0","097_0_0_0_0","Y",97,"67DQ",13.5,"7/30/2014","DUHi",67,"DQ",4,TRUE,13.5,4.20469261939097,"DQ",-1.5,4.31396247068026,12.8488557542723,12.6448828634323,4.25167865544536,12.7325912064935,12.6946649484803,12.2762610704139,13.0863898158173,"001",12.6630594613393,12.8297512385671,"67DQ"
"174",174,"shh_13.5_05_67_DQ","DUHi",28,13.5,67,13.032,"03/05/14","DQ",0,0,0,0,0,0,"0_0_0_0","097_0_0_0_0","Y",97,"67DQ",13.5,"7/30/2014","DUHi",67,"DQ",4,TRUE,13.5,4.20469261939097,"DQ",-1.5,4.31396247068026,12.8488557542723,12.6448828634323,4.25167865544536,12.7325912064935,12.6946649484803,12.2762610704139,13.0863898158173,"001",12.6630594613393,12.8297512385671,"67DQ"
"175",175,"shh_13.0_03_86_FX","FVB",269,13,86,12.862,"7/30/2014","FX",0,0,0,0,0,0,"0_0_0_0","097_0_0_0_0","y",97,"86FX",13,"5/12/2015","FVB",86,"FX",3,TRUE,13,4.45434729625351,"FX",-2,4.52964049175233,12.7506721516486,12.5878336838944,4.486723370318,12.6578542250287,12.6150774903372,12.1452840604176,13.0526051620279,"001",12.5883069395948,12.7399317648973,"86FX"
"176",176,"shh_13.0_04_87_FX","FVB",270,13,87,12.75,"05/12/15","FX",0,0,0,0,0,0,"0_0_0_0","097_0_0_0_0","-",97,"87FX",13,"5/12/2015","FVB",87,"FX",3,TRUE,13,4.46590811865458,"FX",-2,4.54120131415341,12.7756750299738,12.6128365622196,4.49828419271908,12.6828571033539,12.640305077673,12.172243529264,13.076537794088,"001",12.6133019045711,12.7648569407661,"87FX"
"177",177,"shh_13.5_11_88_FK","FVB",286,13.5,88,12.783,"05/12/15","FK",2,0,0,0,0,0,"2_0_0_0","123_2_0_0_0","-",123,"88FK",13.5,"12/10/2014","FVB",88,"FK",4,TRUE,13.5,4.47733681447821,"FK",-1.5,4.78721332084986,13.3077313194458,12.6375536871074,4.61058371221802,12.9257300690129,12.7657744688901,12.271075656088,13.2025474776131,"001",12.6681316707576,13.2294951543455,"88FK"
"178",178,"shh_13.5_07_88_FK","FVB",286,13.5,88,13.267,"12/10/14","FK",0,0,0,0,0,0,"0_0_0_0","097_0_0_0_0","Y",97,"88FK",13.5,"12/10/2014","FVB",88,"FK",4,TRUE,13.5,4.47733681447821,"FK",-1.5,4.78721332084986,13.3077313194458,12.6375536871074,4.61058371221802,12.9257300690129,12.7657744688901,12.271075656088,13.2025474776131,"001",12.6681316707576,13.2294951543455,"88FK"
"179",179,"shh_13.0_01_90_FX","FVB",271,13,90,12.852,"05/12/15","FX",0,0,0,0,0,0,"0_0_0_0","097_0_0_0_0","y",97,"90FX",13,"5/12/2015","FVB",90,"FX",3,TRUE,13,4.49980967033027,"FX",-2,4.57510286582909,12.8489947595029,12.6861562917487,4.53218574439476,12.756176832883,12.7135177661869,12.2513680340069,13.1460378183533,"001",12.686840828128,12.8381666052103,"90FX"
"180",180,"shh_14.0_12_91_DU","DUHi",80,14,91,13.452,"10/14/2014","DU",0,0,0,0,0,0,"0_0_0_0","097_0_0_0_0","Y",97,"91DU",14,"10/14/2014","DUHi",91,"DU",3,TRUE,14,4.51085950651685,"DU",-1,4.64110719486797,13.4595333961677,13.2164013958517,4.56686601250783,13.3209481559876,13.2789394591706,12.884355308393,13.64369985744,"001",13.2311819508547,13.4313667457677,"91DU"
"181",181,"shh_13.0_05_91_FX","FVB",272,13,91,12.87,"05/12/15","FX",0,0,0,0,0,0,"0_0_0_0","097_0_0_0_0","-",97,"91FX",13,"5/12/2015","FVB",91,"FX",3,TRUE,13,4.51085950651685,"FX",-2,4.58615270201567,12.8728925152249,12.7100540474707,4.54323558058134,12.780074588605,12.7374775377064,12.2766530900248,13.16835900255,"001",12.7106665695135,12.8619537377647,"91FX"
"182",182,"shh_14.0_18_94_DU","DUHi",81,14,94,13.517,"10/14/2014","DU",0,0,0,0,0,0,"0_0_0_0","097_0_0_0_0","-",97,"94DU",14,"10/14/2014","DUHi",94,"DU",3,TRUE,14,4.54329478227,"DU",-1,4.67354247062113,13.5200799868558,13.2769479865398,4.59930128826099,13.3814947466757,13.3386456768662,12.9476283041136,13.7017960039149,"001",13.2915302691152,13.491576535054,"94DU"
"183",183,"shh_13.5_09_99_DZ","DUHi",37,13.5,99,13.328,"11/19/2014","DZ",0,0,0,0,0,0,"0_0_0_0","097_0_0_0_0","Y",97,"99DZ",13.5,"11/19/2014","DUHi",99,"DZ",4,TRUE,13.5,4.59511985013459,"DZ",-1.5,4.55974089405414,13.3076477717423,13.3736892997711,4.57990689902,13.3452914427187,13.3650278612946,12.9850041479005,13.7286868808884,"001",13.3740714619196,13.320171799658,"99DZ"
